ssc_percentage,hsc_percentage,degree_percentage,cgpa,active_backlogs,aptitude_test_score,coding_test_score,technical_interview_score,communication_score,internships_count,projects_count,certifications_count,hackathons_participated,attendance_percentage,extracurricular_participation,work_experience_months,branch,gender,academic_score,skill_score,activity_score,placed
67.9779257046734,83.51176227294776,58.88638058425374,7.59540892568109,3,54.21142225165002,90.07064668136456,99.69261387990231,85.95772140836392,1,5,3,3,81.20567100228271,1,1,Civil,Male,69.00145862698784,82.4831010553202,12,1
95.63428670767598,75.73262558451778,76.0112454741612,7.395909388148655,2,40.81218230563266,63.12756421888069,86.03325312991585,31.71490052822529,3,3,1,4,73.70381320539289,1,6,IT,Female,81.8145718773226,55.42197504566362,11,1
85.13570920694744,64.85732558174374,91.9014001220676,5.1282103290321785,3,31.781343193402563,42.597794109600294,87.58970782041831,86.63437724593824,3,2,3,2,93.7842563793053,1,8,CSE,Female,81.75847048543439,62.15080559233985,10,0
78.73560724145776,89.06216094593353,85.14679454765894,6.7062391381307815,1,75.2075670400539,54.01825483501551,39.920698888727195,63.22372254322458,0,2,3,2,63.57154321380266,0,10,IT,Male,84.39804827528096,58.0925608267553,7,0
57.488894741236955,82.8670962825862,88.71493509734958,6.900978093929285,1,74.58316222183203,23.00568723191259,66.1361919086205,87.57327272721794,0,2,2,2,50.185120341620845,0,1,IT,Male,77.59277134608678,62.82457852239577,6,0
57.487736976137725,57.80561308855478,81.62160160211442,6.994113904484502,0,53.84229166069042,30.229344097793405,25.38047311738943,54.50413650728117,1,5,2,4,58.12806029657075,1,6,IT,Male,67.23664566025352,40.989061345788606,12,1
52.78801338407357,93.72450485570444,83.22927509685692,7.900861846136662,4,35.01983221933557,81.24374004126886,27.593434945733577,50.3232388306428,3,4,3,3,67.4761400584699,1,3,IT,Male,77.24546551067617,48.5450615092452,13,1
91.57645499719689,89.48178766031211,90.76139127513532,7.668012733634392,3,58.674022642666245,20.000930780429293,99.91140896266324,93.2048586013778,0,2,1,3,65.78605648852442,0,10,CSE,Female,90.62202930730683,67.94780524678414,6,0
78.85352056367402,95.59039583801236,61.98406442524092,8.039525463967223,0,51.78522465443755,53.32526627858337,46.13113995407288,40.0935414038721,0,0,3,0,89.56814595614429,0,1,ECE,Male,77.12680069060228,47.83379307274147,3,0
83.98748373421019,84.83453640264128,73.49239825487075,8.824416307710642,4,77.39844478145065,61.800814486847074,79.8547129639077,87.53698602289145,3,2,2,4,84.0280333069419,1,6,IT,Female,80.04356534300373,76.64773956377422,11,1
50.98805572619852,79.44392940491791,60.61805320734091,9.064928693580468,3,72.40454746168832,24.370753600077784,84.53320424214532,58.72164580075233,1,5,1,0,64.97781598074486,1,4,Mechanical,Female,63.376816822271294,60.00753777616594,7,1
96.55567290377573,70.0756657419497,97.40806438383905,8.590615381132473,2,55.5215609738278,97.84625303778662,88.64186168057833,61.12763540410078,1,3,3,4,72.88719085831067,0,0,Civil,Male,88.95262734725326,75.78432777407339,11,1
89.95724675842024,94.77096720099263,95.31484830495744,9.777618479774674,3,45.25247879784931,38.09002649997375,99.81026379217252,44.67746251915872,3,0,4,0,54.77795519791676,0,4,Civil,Male,93.54440350980684,56.95755790228858,7,1
60.19227731255725,91.5710666960196,51.89248694568828,5.091162913381808,1,99.16251763089143,44.33589757090247,39.319718820549426,65.84337604952125,1,2,4,1,94.90732224100503,1,11,Mechanical,Male,66.28599798084836,62.16537751796614,8,0
58.727598425940826,52.17049616509709,83.86760828075305,5.978889928417731,1,61.780113483728044,44.31540098040219,23.228066148775977,46.0168957020969,0,2,3,2,96.77124122242671,0,11,IT,Male,66.8164716896126,43.83511907875078,7,0
58.80341647296483,51.265614775868094,94.41191923595196,5.0378143748907105,2,78.17919650461658,38.43333296938799,52.89532143956688,23.141553139332185,3,1,1,2,98.99017676904691,0,2,CSE,Female,70.78547706903066,48.16235101322591,7,0
64.60362766205782,68.07024161014638,58.66761656611201,8.237373570773014,0,39.838707730485254,20.11790576690491,30.406453586315756,41.75988842754848,0,4,3,3,93.42764153929188,1,6,ECE,Female,63.26920740810606,33.0307388778136,10,1
75.18830871834741,88.90655987752798,77.26137106652621,9.490152744749935,4,63.991278976157844,78.34758352703972,21.79407113296441,20.510323472527254,2,0,3,1,58.698044384811276,1,5,Civil,Female,80.1330090053731,46.16081427717231,6,0
70.73336089482156,97.38925420711733,93.943438284226,6.217411482881497,3,31.927570390862584,97.34763998394283,48.83414617131889,98.26838296454854,2,1,2,2,52.30982416008144,1,7,ECE,Male,88.01415984427206,69.0944348776682,7,0
63.97899872950601,57.22001077296935,51.629406972118346,9.635172723981533,1,65.3818582537315,37.94347866280361,82.69906008601892,97.2597767855798,1,3,4,3,78.9798363706337,0,4,CSE,Female,57.01146563958994,70.82104344703345,11,1
79.3689389466742,78.5182743369025,83.47617282784832,5.301336951447804,0,97.48121849823916,73.0437753442738,65.29445529800567,51.6124237977844,2,4,2,1,95.63025134415551,1,1,Civil,Male,80.75663311621233,71.85796823457576,9,1
56.695705311298006,68.28276111828903,64.27275235388244,9.67218013402757,2,56.89446990900602,79.3517061566972,45.022239136828325,78.26966834717169,0,0,2,2,58.86756808298714,0,8,ECE,Female,63.20264087042908,64.88452088742581,4,1
64.02294312969047,96.55589109510095,94.37101737807346,6.7581134361981725,1,32.72972088024381,87.87403032724198,72.34736043941757,47.664487872834,2,2,3,0,50.352145731207095,1,10,CSE,Male,85.92205721866681,60.15389987993434,7,0
67.5853684780972,90.42170831051402,96.61079576793765,5.5071041422460825,2,32.16690536435405,53.81033576108873,38.561454424704856,73.68745256687808,0,0,2,4,90.27480230161223,1,7,ECE,Female,86.04644134375843,49.55653702925643,6,0
71.89135924241772,90.23977782613461,95.32479147744482,7.429358795931629,3,57.159073196280865,44.23447245123434,21.150515685766802,84.43440344367832,1,2,4,1,53.8397842143367,0,5,IT,Female,86.76925771154362,51.74461619424008,8,0
87.68844614686465,72.49727167015857,72.76228239955826,6.28388283860254,4,41.20174555242358,46.02361072184249,81.14827091491419,95.74049957537926,1,4,2,3,70.68530159550153,0,9,CSE,Male,77.16062830493027,66.02853169113988,10,0
59.58434154360127,69.91133611220792,91.37804724748705,6.424364509809614,1,31.634646742973015,77.00970664788102,69.89944678912073,52.01698206797376,0,2,4,1,83.94436685943924,1,6,ECE,Female,75.39992219573757,57.64019556198713,7,0
74.68325304385336,63.123539452673896,90.53837112968338,6.536449824631433,1,82.93495297651238,85.34235732045089,80.9842099600768,82.66383863648382,2,3,2,3,61.83987927280901,1,8,IT,Female,77.55738620083153,82.98133972338097,10,1
78.43589930537803,52.7060238392445,65.31682271567627,9.015129489163318,3,62.096610621732346,34.52911742052821,23.11504133501325,41.274276050569505,1,5,4,1,54.19812817233633,0,6,IT,Male,65.46930602965728,40.25376135696083,11,1
52.22961981055989,91.50667406024255,89.78794275923252,7.695806383376272,0,50.24713403808582,49.67528065262122,86.96957022645218,99.22658430349186,3,2,2,3,88.50106142279142,1,2,CSE,Male,79.03606526493374,71.52964230516277,10,1
79.16215289126905,89.01924843824372,51.776366466343646,6.556538495780018,4,93.00582281115365,92.155215739932,69.56209600290427,22.06156790114809,1,3,2,2,81.50875424435208,0,5,Mechanical,Male,71.16496698539129,69.1961756137845,8,0
58.185157936989995,97.98644831773427,78.62095416713855,8.051668916554592,1,38.12972721403679,84.53548157557914,65.07162805701121,68.28230452008967,2,5,1,0,99.42452422434025,0,10,Civil,Male,78.2998635432727,64.0047853416792,8,1
53.12247646329342,97.83856817954745,61.04042418980975,8.580753371115968,4,96.91431802687235,98.78867222099807,69.96912384916253,72.76047853210616,3,4,4,2,67.21540166599797,1,10,CSE,Male,69.70448306877616,84.60814815728477,13,1
95.54650578816,76.66072186892612,55.78721051730938,6.363120003667669,1,51.977670216414694,80.33986077456646,89.15465974946913,75.04364456593031,2,4,4,0,53.08811931450998,0,6,IT,Female,73.9770525040496,74.12895882659515,10,1
96.35033758757885,86.9113959286645,53.69375367820204,7.067745507626757,4,92.18825706160769,51.45561608223378,66.95492052471256,29.631006303127123,0,0,4,2,86.7175017667648,0,1,IT,Male,76.45602152615382,60.05744999292029,6,0
88.80307270959014,95.34875503435654,83.42186124215071,5.609430466684738,2,72.2060013535623,67.25102671957103,66.47603039105434,95.08238267785043,3,3,0,2,76.08667094266228,0,2,CSE,Female,88.61429282004428,75.25386028550952,8,0
64.6214609203218,90.78307475251574,66.31399826086718,5.905746747673401,1,87.86951518190412,72.88114033978562,99.25433256526127,34.494662324006626,2,3,2,1,60.66019656945675,1,3,Mechanical,Female,73.14696000619813,73.62491260273941,8,0
54.68826147230642,61.87270888367349,84.78880503338056,8.405589269824914,4,98.8809214247325,26.276465305369918,80.53841336548544,69.82027225918728,3,1,4,4,89.08644945023798,0,9,Civil,Male,68.88381312014619,68.87901808869378,12,1
82.84318527258353,71.62611849488448,53.137104358349234,5.907191738478135,0,50.1883806473122,63.55975672830921,55.383504436090824,37.814086329846795,2,1,0,3,60.18777429249719,1,5,ECE,Female,67.5956328735801,51.736432035389754,6,0
71.12731969950086,56.19965192727176,65.1339362158693,7.625816918335301,2,97.2794839785315,76.74566627780877,76.59176000263422,44.57731336170167,3,5,1,3,63.03308274164683,1,0,CSE,Female,64.2516659743795,73.79855590516904,12,1
55.85783527254938,95.79444930841868,75.89558203401619,8.545231308612163,2,57.263732643169426,33.38570432008483,51.138437735343075,63.71668333824995,2,5,4,3,54.62642771833596,1,8,Civil,Male,75.8539181878969,51.376139509211825,14,1
73.76849168534096,79.09638245364224,87.95471191227026,5.534384615473719,0,56.98583333158456,82.45053739404457,38.31003699867992,53.37547348516612,0,1,4,0,69.97161395154272,0,4,Civil,Female,81.04134700660306,57.78047030236879,5,0
51.65064901353048,60.97485466416621,65.30012014073935,7.836561098144518,4,53.8270972978154,66.70182244112894,67.74815015102075,32.818048078120505,3,5,0,3,70.94646119687094,0,11,IT,Male,59.907699159604746,55.273779492021404,11,1
93.64737929978153,82.24163285148111,80.04278606897644,6.282813918506819,3,67.89853251433097,96.17774285580757,94.25456784911611,33.674912193667865,3,2,2,3,75.72808951741493,1,6,ECE,Male,84.78381807296938,73.00143885323064,10,0
62.42143911680081,79.670155541979,92.52693191533697,9.8146343761879,0,40.790153022494096,23.393783856551337,94.33116160123701,53.451583053023974,3,1,1,1,85.44821335618887,1,8,CSE,Male,79.63825116376873,52.99167038332661,6,1
81.80106964899113,67.19181046557634,79.56143303275061,7.4177282335996235,4,68.75980397506078,41.22609100443736,47.352422248439225,80.58263826204006,3,3,4,2,95.30504643402129,0,8,IT,Female,76.52243724747049,59.480238872494354,12,1
64.96213165229173,55.45076442558219,61.18205478817442,9.029962748875791,0,67.91933686870027,68.12431034398593,62.214197297735595,91.83717174782308,0,2,2,3,56.88670494439043,1,0,IT,Female,60.59669073863194,72.52375406456122,7,1
74.96326501653492,82.23551338845438,51.17123751471382,7.751132710781309,0,83.3331268823409,43.724792976474454,36.9308718855889,26.73021298075063,3,5,1,4,52.71740491743285,1,0,Mechanical,Female,67.62812852738232,47.679751181288715,13,1
76.24209340847742,74.97476964338207,91.76474594724463,5.217062664274096,1,88.35549733563099,77.15393312569938,99.65048875991067,51.44831260475208,1,4,3,3,50.92656167971666,0,2,Civil,Female,82.0709572944557,79.15205795649827,11,1
58.873013865225296,87.07128280331068,51.02093172081858,8.16575687797011,4,60.83089452186968,80.72042260175448,98.48943262943486,28.01964509783013,0,0,3,0,57.18106890344081,1,5,CSE,Male,64.19166168888822,67.01509871272228,3,0
96.54006213269881,74.96784805337569,91.98568028884156,9.757016711033284,3,51.16332745460456,28.201277125317958,71.96071437659579,21.32739845060783,1,1,1,0,82.89747428908129,0,1,CSE,Female,88.24664517135898,43.16317935178153,3,0
87.2063755213335,90.90471201528993,75.38898243330618,8.008059100731657,1,48.153442812196616,61.108357136541414,84.35312477419787,72.93749461151653,3,4,0,0,86.37385389982484,0,9,CSE,Male,83.5889192343095,66.6381048336131,7,1
95.09594919508108,76.4915282611753,95.07524952861903,9.09594429713395,0,43.623668569341035,60.71124444728447,77.208012902696,68.19595535732702,2,5,1,3,89.32528567640611,1,11,IT,Female,89.50634304832452,62.43472031916213,11,1
92.95171282052715,76.92502263369855,88.34159531713594,9.42103231674204,0,34.035330753931746,49.54246161724328,67.45265752315746,33.0415291051909,1,3,1,1,62.185410595217135,0,10,Mechanical,Female,86.29965876312208,46.01799474988085,6,1
78.69919898293209,92.07937292760056,97.90083730560019,6.140398859744662,0,53.97135851842994,94.63398900557377,24.267839759111816,38.70502664744513,3,0,0,4,65.294740663076,0,0,ECE,Female,90.39390649539988,52.89455348264016,7,0
94.24996328110961,69.36717757819505,66.83416714168209,6.060224199541134,4,48.917338449154826,86.2005055898577,56.38114740421288,21.89662029156147,1,4,0,3,74.15673227827497,0,0,IT,Female,75.81880911446423,53.34890293369672,8,0
54.247640098492134,56.43273096563075,86.8250378686941,8.05490494425496,4,97.64921701064851,75.77675055277095,73.98290417339284,86.7957764555523,3,0,2,1,53.15915484301132,1,4,ECE,Female,67.9341264667145,83.55116204809116,6,0
59.40717739611897,51.38156846304027,69.29268385324363,7.055142349033524,1,69.03961783750307,77.14613085879981,74.20252911069477,97.97524768388412,3,1,2,1,80.5570761605623,1,3,Mechanical,Male,60.953697299045224,79.59088137272045,7,1
52.17090986770583,86.24658827233371,73.03402977458762,9.199306514333601,3,54.30939273213553,56.93729150504953,49.849809473790685,30.836762943575266,3,5,0,3,99.18675168378789,1,0,Civil,Female,70.73886135184691,47.98331416363776,11,1
65.61585587663669,79.7748584649663,80.12026223448177,9.500115616990055,1,70.63273206955873,93.67956168772606,95.33535893264245,38.51801710122385,2,3,3,3,68.04031556890013,0,3,CSE,Female,75.6653191962736,74.54141744778778,11,1
68.65650990509513,83.79582886876273,91.93650148094426,6.7671068965135905,2,39.74376909419868,75.56763418026283,33.388562578942484,89.47276191575472,1,5,3,1,87.6423737545692,0,2,ECE,Female,82.51030222453505,59.54318194228968,10,1
63.024753525147005,60.22227975242772,97.23600652156617,6.18435279487241,0,61.08306244415421,78.31848493246531,60.02875569724485,94.11710383649479,0,0,1,1,75.0016957784804,1,1,IT,Female,75.86851259189888,73.38685172758979,2,0
89.7794004392926,56.54583082816495,86.87712386549687,8.90262757621931,0,73.83640249947447,88.93527230298761,75.27071812406582,53.57019062454483,0,4,4,1,56.39059221801914,1,8,ECE,Male,78.64841892643602,72.90314588776818,9,1
67.12415968129228,50.69814395205833,70.05280554403203,6.37403017774068,0,64.2228482254716,41.925727147375284,75.77086447134474,24.049797781525932,0,1,1,3,79.11187244012932,0,10,Civil,Female,63.36781330761799,51.49230940642939,5,0
63.48485646499428,66.82820282271666,70.22513610929937,9.113071592568392,1,58.12451604580269,84.56567230933624,71.89111654150524,23.151346695425552,0,1,1,1,64.99371342220324,1,0,CSE,Male,67.18397223003304,59.43316289801743,3,1
76.04941199159592,78.31604896902239,85.4039504762668,7.118691268243814,1,99.56938722297888,35.61924823651936,42.02305707614882,65.91598928552084,3,5,4,0,51.72016042267291,1,6,ECE,Female,80.47121847869221,60.78192045529197,12,1
56.76436279878861,68.82771416478715,61.461302996878516,8.337749496457352,0,91.62203335042489,47.627356179591025,32.496525494929756,51.431608711454324,1,4,0,3,81.74648650588719,1,3,Civil,Male,62.26214428782413,55.7943809341,8,1
88.5054550761939,70.99879625713899,55.30275743030694,5.477676569173341,1,73.6384170711608,46.848836341587415,70.87522614613687,22.29219420621236,1,4,3,0,92.94661746623638,1,4,IT,Male,69.97237837212265,53.41366844127436,8,0
53.578430896629,93.39961733569993,67.02186356675728,8.119296623382866,4,69.8564152827598,98.28203747113125,67.94416929115502,66.66019138500454,2,0,1,2,67.23848834499371,1,9,Mechanical,Male,70.9021598964016,75.68570335751265,5,0
97.37057295682483,66.71626241711841,63.78747159939592,7.258838393686146,4,73.44623358772088,88.52297789983415,34.348480823139276,20.904202927121798,1,5,4,3,69.51477736063853,0,4,IT,Male,74.74103925194134,54.30547380945402,13,1
87.06774892623956,74.67149547967091,64.22278978188753,7.933042315877371,1,44.091847547570325,76.09358892722078,76.41113164564507,82.98975665194183,1,5,2,2,94.55108414836057,1,0,CSE,Male,74.21088923452815,69.8965811930945,10,1
59.53835271364028,87.61534461157487,61.21317205039568,5.840071038724317,0,57.659642028502304,78.16454092923121,56.413759338692515,44.51462581626973,1,2,1,1,90.6804406683678,1,5,IT,Female,68.63137801772281,59.188142028173935,5,0
50.265061621932915,69.03405355142097,52.02047310254537,8.68436872472091,1,32.762167302362954,64.96582355220568,73.42084732825224,23.220640240738568,2,5,3,1,85.74764117758886,0,8,IT,Male,56.597923793024314,48.59236960588986,11,1
89.14214856583203,79.86016161093792,50.85794886720386,9.313985387716142,1,63.28822262407787,95.76725336868152,86.98936638161206,67.06817767865226,0,1,0,4,62.4398531876574,0,1,IT,Female,71.04387259991253,78.27825501325593,5,1
83.92915250468562,91.39345801984376,97.41067470732952,6.083699000453878,1,68.01172087703642,59.70070023058892,33.57827428615386,51.81475315464438,1,0,1,1,95.51083274833223,0,6,IT,Male,91.56105304029063,53.27636213710589,3,0
84.99234406596739,95.57698993556681,70.53311041932139,5.478572777600808,2,45.94248152722467,50.441416789591564,21.531589439746934,97.90403306857196,2,4,1,2,57.72078787696065,0,5,CSE,Male,82.38404436818881,53.95488020628379,9,0
87.0209766409254,57.059527084593824,68.44767906366472,5.118192930231682,4,97.48201930158596,33.04282695452728,82.32820691166295,63.53589300029618,2,5,4,1,81.3385259708611,1,4,Civil,Female,70.60322274312165,69.0972365420181,12,0
53.554143283236336,94.47620600775173,82.62306956926736,8.20985750221633,3,93.66182276560694,82.89645218088464,68.77579401220927,42.019134482960666,3,0,2,3,51.44005902732594,1,3,ECE,Male,77.45833261500336,71.83830086041537,8,1
67.20635497012509,73.62158206781783,60.476186617523084,8.035470180443903,3,80.55002648191342,78.75551456604731,75.97116556976974,76.75510917071799,2,5,2,1,82.18599031624728,1,3,Mechanical,Male,66.43885575839211,78.00795394711211,10,1
55.561714857206226,62.39573063835,95.59813682961081,7.73348706357035,2,67.33706401357537,50.74840308193079,87.0523979990914,41.719360203416905,0,4,0,4,63.85721759366799,1,5,ECE,Male,73.62648838051119,61.71430632450361,8,1
91.42896444202849,72.03851629943654,87.7445606919465,6.159735480579878,1,90.89784117533794,22.01547311673835,84.22487478596004,92.3394633126052,1,3,3,1,72.483848859186,0,3,ECE,Male,84.13806849921811,72.36941309766038,8,1
79.91831008772277,97.04156361370289,54.29172811098846,6.954529979527573,2,39.1456640676424,87.11978621744086,96.87361175430597,49.97775764059011,2,4,0,2,67.26322760285265,0,4,Mechanical,Female,74.80465335482307,68.27920491999484,8,0
65.88310519292716,73.64566851165773,70.04387723767655,7.972381675930865,2,85.33568559924194,20.91343867632589,62.874806308169454,63.98948502209642,0,4,1,2,58.637837812310494,1,5,CSE,Male,69.87618300644608,58.278353901458416,7,0
53.05080081372913,65.78007729380039,92.19767876298391,7.483834294295847,0,38.73745697767938,76.29598237032408,59.07965061279243,24.045848305938307,2,4,1,1,81.0990395046937,1,4,Mechanical,Male,72.52833493745243,49.53973456668355,8,1
64.92715144235179,80.40324100720284,95.3471370699877,9.938927601074436,4,85.59474637845838,97.62056877808456,52.150975991258406,54.08969903617846,2,5,2,2,94.09877775703038,1,6,CSE,Female,81.73797256286147,72.36399754599495,11,1
65.60879945728385,61.526989701353266,72.43527253999375,5.682198762783665,3,49.30372977759499,55.01290625185628,32.29528342753636,86.5890831728796,2,2,3,2,97.95421211412017,1,8,ECE,Female,67.11484576358863,55.800250657466805,9,0
85.02109656022708,53.64143974921587,79.44374668211397,8.475722770237969,1,91.39634067127322,38.79787239967622,65.8085786305618,84.45190442906735,2,4,4,4,59.61731815769575,0,9,CSE,Male,73.37625956567848,70.11367403264464,14,1
80.60275862505023,56.186226651711166,58.01762941241961,7.021593840521461,3,96.08294656777785,76.38968080347054,42.1610019460783,37.9454847082821,2,1,3,3,85.86863870314866,1,6,Civil,Male,64.24374734799626,63.1447785064022,9,0
92.58621164366367,56.14620026997308,97.57609405457487,7.140998074628074,3,40.41571785835809,85.37025136124682,93.70460097703804,38.086325680845015,0,1,1,4,83.21696833028412,0,6,Mechanical,Female,83.65016119592097,64.39422396937199,6,0
72.66631640777356,57.29132928859013,61.120241666405285,8.587988828290882,4,62.387292354577546,63.71442528622779,66.65526434216781,85.38442497705894,1,0,4,0,67.16888947872863,0,3,Civil,Male,63.43539037547122,69.53535174000802,5,0
55.74052380503848,56.66370428717168,95.25112515848603,8.462180756621848,3,98.66911647138795,97.36282202049169,67.42721444064881,94.43187361354605,1,2,3,4,50.95495996768629,0,0,ECE,Female,71.82171849105745,89.47275663651862,10,1
84.23574978670376,80.7619877505543,81.1830391516337,9.956279968510941,3,63.83852051812026,24.13349773263689,48.3939728701608,27.628873701840284,1,0,3,1,84.48956236564331,0,7,Mechanical,Male,81.9725369218309,40.99871620568956,5,0
86.51768233361108,58.73024405115895,79.17136615418524,5.641971447270626,2,90.44832657601816,60.38364786436225,24.1591481582166,56.00469115409802,1,1,4,3,97.274743027975,1,3,ECE,Female,75.2429243771051,57.74895343817376,9,0
76.94130548333581,66.59202959954544,74.60904852879241,5.520548246920832,4,71.21120654919238,77.476315785804,22.53950122983909,46.996342317138314,0,1,1,1,81.60600609578256,1,0,Civil,Female,72.90361993638135,54.55584147049345,3,0
87.00642463781892,93.04584367548857,61.07215096245242,8.621694085643705,0,56.27309355437213,89.01123769193431,53.8668115322558,89.65507643659515,3,3,3,0,71.7646362093817,1,4,ECE,Female,78.44454087897321,72.20155480378935,9,1
73.70218862549075,72.75015873261788,58.4733455362644,7.891934585032045,1,50.00484888681092,34.340448952623206,26.76523024777903,26.6819931744015,3,4,4,3,76.25769470558141,1,7,Mechanical,Male,67.32504242193835,34.44813031540367,14,1
75.09117581033571,82.04277144900931,60.58333803536841,6.37080333279903,3,44.22561637602611,84.00027854109452,68.54775644321113,36.89007540464299,0,1,1,2,59.98144038299588,0,3,Mechanical,Male,71.37351939195088,58.41593169124369,4,0
70.52196888121038,58.27135381767823,58.949036582924215,5.397096844944933,1,83.32587339643881,64.21656605748362,90.4778404511726,80.19746700691954,0,5,4,4,87.52720818768688,0,11,ECE,Male,62.21761144283627,79.55443672800365,13,1
51.22011808371657,59.2298729028162,87.42005473120416,5.428291247982153,0,57.05783547761195,51.724294559197055,90.63318532149778,24.103507918497247,2,5,4,1,87.32099150049245,0,7,Mechanical,Male,68.1030191884415,55.87970581920101,12,1
55.17878849567862,51.961693580790985,66.80601244000304,9.470954373320591,1,65.78928235405257,30.537202286327485,72.7236328105786,59.40283045714314,2,0,3,0,57.275865019371246,1,7,Mechanical,Female,58.86454959894209,57.11323697702545,5,1
51.508600912963246,58.1088830274639,52.776448475043026,5.959336623593715,0,64.46278360008273,89.223660712713,36.89854651783448,55.3685627743776,2,0,1,2,93.89891912498295,0,2,ECE,Female,53.99582457214535,61.48838840125196,5,0
80.54769974066146,63.37233627353402,96.51692624675894,6.616857810577604,2,70.40953204631919,32.581856654377226,89.03974650870977,46.752094319099896,1,4,3,4,63.459486973665264,0,8,Civil,Female,81.78278130296222,59.69580738212652,12,1
65.08908709166369,58.49650324528385,92.42172247824443,6.1332820111349395,3,90.59040019371866,44.78302873672794,90.88747482505666,51.565785225513906,2,4,0,2,99.11280304683075,0,2,Mechanical,Male,74.04436609238203,69.45667224525428,8,0
74.41139317590573,54.25772162033867,94.53210959337022,6.774981529159687,0,98.65175405084005,43.20364255699495,35.73228679623669,62.39524695441864,3,3,0,4,69.14515070186229,0,0,Mechanical,Male,76.41357827622141,59.995732589622584,10,1
93.56319074845246,55.79052181282884,97.75557548702889,5.347119213730467,1,58.53089460016719,89.71312273526834,78.99408686165418,32.90938867107065,1,2,1,3,58.89420293672498,1,1,Mechanical,Male,83.90834396319596,65.0368732170401,7,0
61.966026999145996,72.11738086557084,58.34697196253539,7.595298954541352,3,87.92632454744121,73.81623953671183,42.92156391416984,65.75967026268742,2,0,4,2,67.58600556728261,0,5,Mechanical,Female,63.56381114442921,67.60594956525259,8,0
69.69838030571023,59.90401848347804,69.01961690732762,5.338062817961075,2,83.51694562583023,83.73451177530978,84.21122498823438,84.4345863439989,1,4,3,2,72.00901643485966,0,11,ECE,Male,66.48856639968753,83.97431718334332,10,1
86.26645465006634,67.48495333030762,86.39544683379638,9.001782539111808,3,70.14702660189013,40.03743190339992,99.77903199228821,80.81287438321272,3,0,3,2,53.46538865191474,1,9,Civil,Male,80.68360112763074,72.69409122019775,8,1
60.98231194359788,74.16402900103313,83.40898966658203,6.168560409552165,0,96.92330005283532,69.98992796855991,22.402080426351425,32.311992375501895,2,4,1,3,78.91091906116448,1,1,Civil,Female,73.90749815002212,55.40682520581214,10,1
53.695035671782065,83.13895177420953,57.38700350431304,7.700059573022553,2,44.0332160869882,65.7396786514999,91.78926926327455,31.939957579317912,3,1,1,0,79.88162199344501,1,5,CSE,Female,64.0049976355227,58.37553039527014,5,0
63.90806973986086,51.88698271237275,89.15998999954965,9.40039543780729,1,37.6484947216735,86.62643014306168,69.81044268789265,41.453949419593066,3,0,0,4,86.94652276747361,0,0,Mechanical,Male,70.40251173548995,58.88482924305522,7,1
57.73862178819221,88.37169914763405,60.77314744815971,8.25438684523597,2,89.77733768687955,92.48696483850084,97.8706095331857,48.88597810728298,3,1,2,2,51.458494614537166,0,10,Mechanical,Female,68.14235526001175,82.25522254146227,8,1
94.62548731244351,80.13921869556357,60.74324551148591,7.664788932756677,2,60.74048716436238,20.972541718190946,57.20076140211421,52.67644651267861,2,0,1,3,77.0619107216915,0,0,CSE,Male,76.72671000699648,47.897559199336534,6,0
88.78977821909201,53.92443353354585,75.77477229888385,6.621668765576878,4,89.28781979449423,73.92159352470341,87.7910344457099,74.37577734666762,0,2,2,0,52.64537166353322,0,4,Civil,Female,73.1241724453449,81.34405627789378,4,0
80.40338031250033,91.9317739571253,78.46111687240176,6.6650095652909895,2,92.51631436367904,24.146863929578323,24.991525487862177,24.534434573266832,2,3,1,4,85.05721099833266,1,9,IT,Female,83.08499302984839,41.5472845885966,10,0
91.83010832901044,94.20187522552703,77.84413797621494,8.347434775990951,2,34.372031553335,63.908693206188474,46.822324006263656,22.77381633808531,3,5,4,3,52.78639928504922,0,10,IT,Female,86.94725025684721,41.969216275968115,15,1
88.5762596911575,52.93174207303346,54.391368195092234,9.970696806105838,3,91.84253340902424,43.010618323494256,25.361323020096798,51.35284503551272,2,5,4,4,95.58639241708164,0,8,Civil,Male,64.20894780729418,52.891829947032,15,1
58.95536282652972,63.29012711106578,92.11812140625825,8.309195949246893,1,61.38233387585955,44.5421279617713,98.02745067832564,75.77309537103844,3,5,0,2,85.10412834422482,1,7,Mechanical,Male,73.52089554378196,69.93125197174874,10,1
92.84283192751893,88.69766143006694,62.74880204425789,7.788917086850125,3,65.73027423029626,48.23668027618852,85.35791258174694,35.47482743651861,0,1,0,0,75.36948825425786,1,2,IT,Male,79.56166882497891,58.69992363118758,1,0
75.88842761195124,85.9164651384156,56.2167162215746,8.65325255119623,3,73.86147577652471,69.70339592396881,88.20379369967765,71.32035850050013,1,4,2,3,72.07519616405875,1,2,ECE,Female,71.02815431373989,75.77225597516784,10,1
88.757127447875,58.857008929106115,92.6599078337109,7.32602806141859,0,94.84678247110607,46.72399725350154,95.03721851471154,40.786251035223955,0,5,1,0,56.53363152066312,0,0,ECE,Female,81.3482040465787,69.34856231863577,6,1
93.01238239632767,60.048767520162095,95.87127191502816,5.300711713003926,3,31.33812661008348,78.61592404722244,26.80827888958283,90.8868887050813,0,2,3,2,64.54996947823315,0,2,CSE,Female,84.2668537409582,56.91230456299251,7,0
65.26416679864947,67.78266093398634,91.38212562874163,7.811484079389549,4,63.3790427822472,52.36219084590957,50.84780740106667,91.65519554132932,1,5,0,0,93.44795525104482,0,11,Civil,Female,76.4668985712874,64.56105914263819,6,0
55.28249237732848,73.25710328916902,88.85677158679414,9.7881264225269,4,78.14054297013925,25.468256024796688,25.68279112352017,43.78297634250612,2,0,3,0,95.2226405781247,0,11,Civil,Male,74.1045873346669,43.268641615240554,5,0
60.9408878020132,79.6762290334542,81.45161507067304,5.876514711788298,0,80.589487038876,82.70078739872858,36.86344812400229,38.39950031705924,1,1,3,1,50.037385418526554,0,11,IT,Male,74.76578107890944,59.638305719666526,6,0
70.50117385406031,67.70785469934907,76.44115378923868,8.450024454103328,1,78.47727020759756,42.86066596741648,38.34926216301379,52.9043177652985,2,0,1,0,79.70681957387757,1,10,Mechanical,Male,72.03917008171828,53.147879025831585,3,0
89.26470876427967,72.2016663743911,54.175364475747685,6.004668443295282,1,39.410459058568534,54.62135036794101,57.528576883806295,39.242526814411896,2,0,2,4,85.96503045125567,1,0,Civil,Female,70.1100583319003,47.70072828118193,8,0
91.31506799630449,85.87860503042032,69.60575422739353,7.679138422365407,3,50.95769118601768,74.83551065775212,41.48497339629141,73.79070746333629,3,0,1,3,80.9373491228803,0,7,IT,Female,81.00040359897486,60.26722067584937,7,0
50.33370226549715,51.7607937387487,67.88904881659107,5.483382248233598,3,55.110086779190944,46.59649257189696,28.078248545420887,86.08517476386284,3,3,0,1,54.0839882433177,0,0,IT,Male,57.78396832791019,53.9675006650929,7,0
74.51587052372315,62.116973328513,62.468181620495656,7.251854681290926,3,86.31060453756535,24.52685249173725,33.399287127528616,73.84737047289735,1,3,3,3,60.886244939945115,0,4,Civil,Female,65.97712580386911,54.52102865743215,10,0
70.0357281511414,84.24078012245852,84.72416545705208,8.78081664447623,1,49.51319106901871,49.913683761025084,31.782045084167272,85.94803577994796,0,4,1,3,62.5170133690693,0,8,IT,Male,80.17261866490081,54.289238923539756,8,1
60.66117490259505,92.96992820898556,73.802035283781,6.737857621194911,2,44.74934747070422,95.55588661554427,97.84614383298387,51.75937297659793,1,1,1,2,91.58623156525448,0,6,CSE,Female,75.61014504698659,72.47768772395757,5,0
55.75353763201677,74.56051722155198,53.8902183635671,8.32455862243609,4,97.02136133266673,71.33875178388465,80.7434005534779,32.50535765670887,2,2,1,2,73.15997181544603,1,3,CSE,Female,60.65030380149747,70.40221783168454,7,0
66.20552822737415,75.54144729273514,60.56879369359095,8.977249803948645,2,30.62042995794282,73.71833189337656,97.42091722156496,79.03607579180738,3,2,0,1,74.34141059706184,1,10,Civil,Male,66.75161013346917,70.19893871617293,6,1
95.25966578780091,55.14425654430925,82.7964206556606,9.635889097397264,2,99.84745989773847,70.58257229101119,55.179238920632685,48.83796041132431,1,2,2,2,96.74465232772542,1,8,Mechanical,Male,78.23974496189729,68.61180788017667,7,1
65.51374073699625,71.47579360752582,53.65428125553441,6.173210409277267,1,77.37749092001769,35.919371116754945,42.26947853301253,73.7016660183306,1,0,1,2,81.85429444273578,0,8,CSE,Female,62.558572805570385,57.31700164702894,4,0
74.90194984368156,75.56562878984111,90.85793187434089,6.996579579046541,2,87.9928509614382,53.46670912818241,83.86345577673494,41.65151535854125,3,3,0,2,94.93338507763319,0,1,CSE,Male,81.48344633979316,66.7436328062242,8,1
83.74491002696854,61.63858417446703,73.76703329667077,5.7620800666520875,0,50.62335774423352,80.07518386906546,46.10031344329174,26.49837078453381,3,1,3,3,72.82544276707665,1,9,Civil,Male,73.12186157909898,50.82430646028113,10,0
67.4542209142061,62.92367508557029,73.06815571167911,9.962417510791877,3,31.0020694366942,28.10983180425273,43.95066989642786,99.40654363902107,3,0,4,1,57.47181292591471,1,9,ECE,Female,68.34063108460455,50.617278694098964,8,1
96.64553997060611,68.10963982902189,78.43557366365684,9.635004839621477,0,81.6508662993071,42.22822208717698,38.600479376626495,32.49612063444794,2,3,0,3,96.49677970370428,0,10,IT,Female,80.80078340535113,48.743922099389636,8,1
96.19747015722135,50.963417493330866,89.58468636440716,7.699785651402798,4,88.3901217900473,42.10552867726829,30.37431825793883,99.07367951707849,3,3,4,4,72.93525578337692,1,11,CSE,Female,79.98214084092854,64.98591206058322,14,1
62.08555019961748,65.45979994799256,66.69484197930527,9.210166471882106,3,81.83332923674634,54.56151420756048,40.51704488134128,98.18239460531578,0,5,1,3,59.08157109394109,1,5,ECE,Male,64.94154183600511,68.77357073274096,9,1
73.8679282828345,60.149504335834145,82.54477532283505,7.60478988636021,2,39.9995201110587,98.42949927537481,48.42557987791102,83.50544831264317,1,5,1,4,65.11978701519611,0,3,Mechanical,Female,73.22313991473462,67.59001189424693,11,1
64.44215887120494,65.7198729045399,77.15513427179798,8.117928440013799,4,82.73995455798783,25.400203734705755,73.91953665165843,72.7538369665598,3,1,0,0,52.540129484447114,1,7,ECE,Female,69.91066324144263,63.703382977727955,4,0
63.67234373011844,55.74858232732406,62.81735696813222,5.445622160580083,3,83.82459474753486,61.496079550447604,25.005187377556126,66.22456402008677,3,1,4,0,73.41502957281926,1,11,Civil,Female,60.95322060448564,59.13760642390634,8,0
51.77057347301758,92.74530947551496,92.17423934504758,8.77635210248404,2,76.09783609690385,34.349174560976834,36.840555173227436,89.28812363022678,2,1,1,4,92.65640859551183,1,10,Mechanical,Female,80.22446062257879,59.14392236533372,8,1
79.25908803103505,78.49243777059434,88.27644903713255,5.638567418176174,0,83.62811529569103,97.65412363277953,84.72189122333411,43.15516172955903,2,0,3,4,96.67902280033447,0,6,Mechanical,Female,82.63603735534184,77.28982297034094,9,1
74.12859311498535,82.5969113189355,81.60568806360442,9.130338151262642,3,89.21450077744126,29.064280378197136,31.75375388670166,57.41449699879016,1,4,2,3,96.63011037518218,1,6,ECE,Male,79.65992655561803,51.86175801028255,10,1
52.47098005999949,87.88021945315224,90.82792299652361,8.91014043835193,2,72.95228799662209,52.288080188927296,47.41161172180172,69.55119754932015,0,1,2,4,56.26150128143734,1,10,Civil,Female,78.43652905255496,60.550794364167814,7,1
63.37503028335735,73.92522554859475,91.6301216460705,8.543723488714882,0,36.20232997787753,79.03079878676849,89.1727137486512,52.895238069559284,1,5,1,1,69.10269412555284,1,9,CSE,Female,77.84212540801383,64.32527014571413,8,1
93.59676252639937,54.172173828196335,84.00142288232166,5.180801902623811,4,64.13394667670477,76.36435424219562,32.39402489147541,54.19891632722144,3,4,4,0,51.41143798253532,0,8,ECE,Male,77.93125005930737,56.772810534399305,11,0
61.49897075201468,75.78111400729028,90.17663976145626,6.515641779726643,4,35.435453427012355,53.818290951514584,26.61894684945519,46.422773400166754,0,0,1,0,92.75826724857365,0,4,CSE,Female,77.25468133237399,40.57386615703722,1,0
56.95495386037871,78.1683736650022,83.47863016012562,6.315562849554214,4,58.52801217227016,47.721933436217455,58.763039606400866,65.13854533476288,0,4,4,4,67.93778810106369,1,5,ECE,Female,73.92845032166451,57.53788263741284,12,0
73.49373249332302,85.78109476084784,82.64675704449442,6.800682037357595,4,58.497454238793935,51.808990284229644,44.19356090228291,88.04596224120928,0,2,3,2,81.55585139461174,0,0,CSE,Male,80.84115099404903,60.63649191662894,7,0
97.31122179730883,70.71965821902461,79.69334615432885,5.438213733819193,1,34.62068908981691,41.142101052691146,65.07266915870832,36.12227024050503,0,4,4,2,85.74492190386442,1,5,ECE,Female,82.28660246663156,44.239432385430355,10,0
61.61865303255202,56.12385453418706,86.13039869876678,9.684789115155315,3,54.41743737786355,36.42663509654398,84.30439123867801,94.75464310027532,1,1,1,4,71.49223348715776,0,1,Mechanical,Male,69.77491174952843,67.47577670334022,7,1
82.26250627548217,63.621243478338776,57.61304505406754,7.769011203561881,3,37.769866915392036,58.6431758047112,30.971879052219453,75.12701229985836,2,0,3,1,65.32211682751215,0,5,IT,Female,66.81034294777331,50.62798351804526,6,0
86.55774153577845,67.42795022713449,92.28179644154856,6.527621553290118,1,86.57646470064554,41.482700485408586,66.45592676434279,85.86185701440242,2,1,0,2,98.11064550579724,1,8,Mechanical,Male,83.10842610549331,70.09423724119983,5,0
61.40660211163518,81.00402758391687,91.84848933177113,6.984907585371417,2,96.33816181751295,42.99693319178001,60.44070083118911,64.49525541040093,3,5,2,4,98.22441125119272,1,7,CSE,Male,79.46258464137406,66.06776281272074,14,1
84.95438473336927,77.39735862410777,51.40386958565884,7.236012702524178,2,35.0621532680557,72.54048507796456,31.526302881055965,82.36133611392508,2,2,1,1,64.4718184015011,1,8,Civil,Female,69.26707084150664,55.37256933525032,6,0
67.65359037052416,67.09264284309663,89.6392040271086,8.002971666803086,4,96.8580645104191,97.48298653599137,69.9198788423186,21.296031787157375,2,5,1,1,73.9812548372229,0,9,Mechanical,Male,76.27955157492968,71.38924041897161,9,1
80.35067986849182,97.35273194206303,56.18575363872537,7.578397138482488,0,66.58036195357215,68.29097604475001,41.89123342886173,85.47043398236282,2,1,1,3,98.64220793300112,1,7,IT,Male,75.7853249986566,65.55825135238668,7,1
80.40942611652295,79.07719132913059,66.08570500443881,9.596959866072087,2,50.96959745677117,26.158357365197304,59.026745483521,23.211108726829323,2,1,3,1,50.24342038277516,0,2,CSE,Female,74.28026723547158,39.8414522580797,7,1
75.7171848355884,61.38688600332773,85.68839630199717,7.484817414529151,0,35.38034526933144,26.04668910832536,26.58178594216495,91.193070109029,3,1,0,2,70.63391241895746,0,7,Mechanical,Female,75.4065797724737,44.80047260721268,6,0
54.3339089626116,54.88555868577938,57.716475010318796,9.960790074116563,3,65.04369876492925,96.11385766764528,56.766724577089846,99.35701977909146,1,3,4,2,55.02287748404842,1,5,ECE,Male,55.852430298644805,79.32032519718895,10,1
90.09451978828342,57.33723868084794,89.26241715771499,9.257124788725479,0,85.61608811435241,43.78326322458669,44.51707744342563,43.525396974142225,0,2,0,4,75.45789827813013,0,5,Civil,Female,79.9344944038254,54.360456439126736,6,1
65.39744311864332,61.80597096245639,89.94244054197162,6.042552571786679,3,79.49605340866887,27.365358886598035,85.79049689482835,36.82548450286349,2,1,3,4,51.23349772702436,1,5,CSE,Male,74.13800044111856,57.369348423239686,10,0
58.952888499193,57.712705916458674,74.35845122052014,9.65297607321958,1,33.51582080247816,67.92356697203053,24.558298159789462,81.22906910864326,1,1,1,1,70.3449215695314,0,2,Mechanical,Male,64.74305881290356,51.806688760735355,4,1
51.95720679462867,58.95521715446267,50.30652184240801,5.58183198942738,1,35.103128475753245,69.89190226322128,53.4885819934664,40.242107273620256,2,5,2,0,61.034953739266754,1,9,CSE,Female,53.39633592169061,49.681430001515295,9,0
78.3628612730356,63.68456809730466,63.77783039239581,9.087248542455958,4,58.201129784284596,71.88038560949505,56.67451393051504,89.24499065377628,2,5,1,3,76.66541812293704,0,0,ECE,Female,68.1253609680604,69.00025499451775,11,1
82.52308936842955,58.321932574148235,79.61249208203563,6.9031164673829,2,50.67033458335603,41.392162228603304,78.00048610392949,28.227407372598137,0,1,4,0,99.79968245503498,0,11,IT,Male,74.09850341558759,49.57259757212174,5,0
50.7962157885371,93.04474038206841,97.09693654531632,9.389871602225348,4,46.26690261392335,21.208854737158003,65.94300600721688,30.076415710348662,0,0,2,1,90.02680525633738,1,3,Mechanical,Female,81.99106146930819,40.873794767161726,3,0
74.58046679836548,53.85121979175882,80.32704929680008,9.340283450537251,3,49.67031492360995,97.20122955635775,73.37698697553449,98.33212440804925,0,3,1,1,92.28210458122106,0,9,CSE,Female,70.66032569575732,79.64516396588786,5,1
60.871797209501025,75.17654669937222,62.47057189107967,9.029627000588107,4,86.24379203078192,40.0714436552882,82.1639428521405,73.90711186160037,2,5,2,0,81.76324936795405,1,11,CSE,Male,65.80273192909384,70.59657259995274,9,1
80.96829393965359,69.69904769550375,80.43227374878134,8.950152181535307,0,95.04596375422977,74.08210304420379,88.9762378926551,87.75097795431623,2,0,0,3,52.077992413612925,0,5,CSE,Male,77.37311199005973,86.46382066135122,5,1
58.36958859223959,97.1541736116131,75.91929822636106,6.523395695490204,3,58.35718861692965,76.53038959029676,45.11003973779764,45.94635018812144,2,3,3,0,60.339883802207204,0,10,IT,Male,77.02484795170024,56.48599203328637,8,0
83.16501142891836,55.37786730406651,87.4325789672549,5.404596415256261,1,93.42777014927479,68.80059336635885,63.04181642911224,74.11869996164836,0,1,1,4,96.25322782235276,0,11,CSE,Male,76.53589520679742,74.84721997659855,6,0
68.5632966224258,69.09706875419559,55.135070663694,7.014900893825807,2,52.50469908735174,45.03259153709186,87.20864627513599,67.53934618468777,3,2,4,2,68.30565589643756,1,9,Civil,Male,63.35213787846402,63.07132077106684,11,1
94.96303945936326,96.5345807972177,86.52933932009734,5.867622574932543,3,63.350589044065416,41.68770030112526,99.15609047720451,68.25200960983577,1,4,0,4,55.18183632403978,1,1,Civil,Male,92.06102180501323,68.11159735805774,9,0
56.601005319007676,91.54434204291105,75.98079577645329,8.474755444512308,3,45.82202984711998,67.81346261621624,91.16154488350105,74.60259676301773,3,4,1,2,85.12026829331009,1,6,CSE,Female,74.83592251915694,69.84990852746375,10,1
66.3711848504124,89.21945940556543,96.22361618523175,6.730498632688928,0,74.83332295230908,89.28765068893532,49.717381009950145,66.02873385032788,2,1,0,1,64.97288619671274,1,6,Civil,Male,85.16663975088605,69.9667721253806,4,0
55.44672901954827,62.379335698157114,66.40986396985693,9.878051004299575,2,98.52867806223662,95.73869831387165,35.613321377492035,54.324989544213274,2,5,4,3,63.442845645208585,1,10,Mechanical,Female,61.91176500325439,71.0514218244534,14,1
94.38529367737101,58.20260419472316,80.36585087042951,8.20486038672666,1,72.2445167230365,28.472464352300612,59.151402992527096,42.07381555044375,3,0,1,0,99.89887277791303,0,3,Civil,Female,77.92270970980005,50.48554990457699,4,0
92.1122889622871,82.09487455637269,94.73734906448084,9.112402818171805,3,55.04698588794842,32.38628900781759,79.33131614688338,81.48650647305615,2,2,4,3,92.90694625133273,0,3,CSE,Male,90.15708868139026,62.062774378926385,11,1
62.38119813032747,94.61004747812412,54.920466943552604,5.662623363709242,3,75.34722121933699,95.57890070264637,59.405525660263805,38.101794400254896,1,3,2,0,70.39689091839205,1,0,ECE,Female,69.06556045995652,67.1083604956255,6,0
81.6792342096406,76.72461886466863,94.98696738734965,9.310072411363112,0,38.60444749257713,78.92281826678341,58.65446906509348,75.38834449235313,2,1,4,4,99.01306039082496,0,1,Mechanical,Male,85.51594287723262,62.89251982920179,11,1
89.22666560965837,77.43740909455519,83.01851467043903,9.613785952566971,4,92.2061356185779,90.63950598638185,87.05843368654405,38.66662581194613,1,2,2,4,82.50566117096068,0,8,IT,Female,83.20662827943968,77.14267527586247,9,1
76.6496389567742,63.438996495693644,53.25617883704825,7.435309594094679,1,65.21587655458855,36.210610730827455,48.91230232537491,70.02641359635632,3,2,1,0,87.10112259398801,0,9,CSE,Male,63.32906217055965,55.09130080178681,6,0
75.42322776108831,86.93566079321297,64.44625121344718,8.031264688754888,2,61.45448194277495,67.00686968875215,88.78357398493165,79.76626137032231,3,5,2,3,51.57565215411058,0,7,IT,Male,74.48616705166926,74.25279674669527,13,1
61.60890996322168,58.97809993076112,83.99226025497352,8.824049004514977,3,71.01053519174634,76.0911675533979,52.54438407613789,37.497111112523136,2,3,1,0,56.08026296740285,1,7,ECE,Male,69.77300707018425,59.28579948345131,6,0
54.46893285468316,65.5366033474037,53.23282887050104,5.874193136302063,3,73.73487039525817,74.40895083575782,46.25864845426715,24.795464068904664,1,2,1,1,81.65425632481191,0,8,IT,Male,57.29479240882648,54.79948343854695,5,0
93.06635638175968,70.420949053588,77.94418208846112,7.512830382317212,1,35.02430643585591,52.65213526933585,56.31919289597592,30.477899439533928,2,5,3,4,94.95119913247419,1,6,CSE,Female,80.22386446598875,43.618383510175406,14,1
93.22006674383987,74.36529817685384,66.60238673374192,6.993315138861566,4,77.78320548563818,21.231591335304678,80.99575669398948,68.47975738168203,0,0,1,1,81.18718630437978,1,8,CSE,Female,76.91656416970488,62.12257772415359,2,0
80.38886994911687,61.635667155923855,79.8039448528389,5.731869960811245,3,46.935217622087066,66.63408454434105,30.080162229119544,87.95571249805884,0,5,2,4,56.70124471594959,0,9,ECE,Female,74.52893907264777,57.90129422340162,11,0
66.27342997033763,55.51216758748177,52.195617623000615,6.837672111457657,1,79.97668427546128,40.2481231343687,35.71353726976139,23.59974569883395,0,0,3,4,55.78800231231623,1,11,CSE,Female,57.41392631654607,44.884522594606324,7,0
66.76205958140773,79.30976203719837,91.83376669531407,5.340861546927468,0,87.57743560689377,56.020339691431225,96.11558605304735,78.7321007233317,0,0,3,2,92.20929479120409,0,1,ECE,Female,80.55505316370746,79.61136551867601,5,0
84.84587258577149,63.85426655553228,96.72747052051506,5.129059534747435,4,86.27709552867643,96.60648120670538,34.03933019050859,47.305491676004166,2,2,1,1,56.96511693539571,0,5,ECE,Male,83.30102995059715,66.05709965047365,6,0
93.0612924777237,77.89943462828539,96.50613705371319,5.675831445774114,2,68.67506771855224,51.922825411394776,65.41818543448437,58.2822695935618,0,5,4,1,76.01159802520127,0,2,CSE,Male,89.890672953288,61.0745870394983,10,0
92.58014836472563,57.40941033316171,85.98328792366038,9.81557555794587,3,66.41189246175259,87.18412853315414,66.34515733295503,94.30876398764525,1,0,4,2,51.855665998115114,1,10,Civil,Male,79.39018277883036,78.56248557887675,7,1
87.43402620116595,73.09472488903124,56.24413952627033,7.747647679475085,1,40.00131729375882,35.083248459940094,59.16995696401958,46.557720378867636,3,3,3,3,54.03348836955887,1,5,ECE,Male,70.65628113756729,45.20306077414653,12,1
80.81751901540582,75.56429276247613,86.39663340459308,9.8291108057661,0,84.27423052821949,73.7968398420023,71.57961988614548,57.22695471515888,3,2,1,1,83.61741338214324,1,2,CSE,Male,81.47319689520181,71.71941124288153,7,1
54.038718319762346,52.48752976747649,51.18017199002247,7.162489391650659,2,48.99865663127001,98.16055635511547,38.386138063809476,21.09459318085449,0,5,4,0,84.45907052137584,0,7,Civil,Female,52.42994322218064,51.65998605776237,9,0
57.75817827654146,66.1570053533082,51.06193047339187,6.559080665426298,1,64.76867959725627,28.15144806983494,64.21298142213985,26.52789760038707,0,5,1,2,67.07347033042211,0,10,ECE,Male,57.599327278311634,45.91525167240453,8,0
93.1306010492998,56.451904493070764,65.53329051917798,7.5307093142012205,1,49.89918650492617,20.66559537817536,49.77386041975177,40.68732729078272,0,4,1,1,60.78048826215224,0,3,Civil,Male,71.08806787038236,40.25649239840901,6,0
79.10859486366031,53.041998582692855,73.45487313942395,7.197558443164551,2,39.367985409978516,54.686623410609144,72.93338077033512,22.228179265685952,2,5,3,3,90.6855135378654,1,11,Mechanical,Female,69.02712728967553,47.30404221415218,13,1
50.441458477598225,97.51809115471737,86.97955605477406,5.52832342130872,0,74.06903878242156,27.410038644109378,31.297883469851957,70.51002608386008,3,2,3,1,60.85516147349452,0,9,Mechanical,Female,79.17968731160431,50.82174674506074,9,0
54.87063405756954,65.4729845587867,82.79817807711225,8.204131573451031,0,33.80324243760327,79.8707479740985,65.67019334715809,54.111868544129806,0,3,0,4,77.10135348331899,0,5,Civil,Male,69.22235681575177,58.364013075747415,7,1
81.84808491718668,88.87397340102248,71.40332990608391,6.080190912547998,4,82.405166388834,93.16389310788472,34.821628430665896,63.85161621824176,1,5,4,0,98.41044204314528,1,8,ECE,Male,79.77794945789631,68.56057603640659,10,0
50.24295602461849,62.222751428660665,63.13407998151996,8.097939774489149,3,52.231075668278166,54.721677816700705,42.29144504920291,33.971774871706366,0,4,4,2,57.39262189311919,1,1,CSE,Female,58.99334422859173,45.80399335147204,10,0
57.71878646803994,82.7121306667486,97.86197600757014,8.251005461990767,2,30.009428510313974,40.69693137243527,37.496784025886654,43.67456235492929,3,2,4,4,97.04381337473544,1,1,IT,Male,81.27406554346462,37.9694265658913,13,1
76.33922188959613,86.49093727470495,70.4567025073267,5.76012426564324,2,65.77903974660609,54.75226552052878,34.62702238950537,73.10595798821801,0,0,2,3,59.14465265343343,0,6,CSE,Male,77.031728752221,57.066071411214566,5,0
83.21096948924928,78.59065954917652,71.66657716782441,5.306748135553341,2,33.27963359693222,77.87582542800008,86.05687612485336,97.22421789043199,3,1,1,4,78.37216040116148,0,1,IT,Male,77.20711957865751,73.60913826005441,9,0
81.29414045612482,72.6356570504076,57.85394341720012,8.9038079303422,0,49.33186904746296,20.72433292642968,42.856605412871225,24.033341888176736,0,1,3,4,68.85038559793723,0,1,IT,Female,69.32051661883978,34.236537318735145,8,1
60.76492685410687,69.76836387906889,88.1508583399966,7.299002118846601,3,79.48835412190013,67.15631915877577,94.16990254915595,91.23074566842129,1,0,4,3,98.2464300750913,1,3,ECE,Male,74.42033055595137,83.01133037456329,8,1
84.18460262468173,66.74567679406377,83.29674683751145,5.290818977527379,4,34.38827351353061,69.06333479099033,97.59412202761527,66.15049610489667,0,5,0,4,63.67710145009684,1,8,Civil,Male,78.59778256062822,66.79905660925822,9,0
61.3879561998464,94.61739892389565,60.5969414138605,9.974331585848836,1,88.75369446492016,71.01505975167484,65.7008375949678,65.1135653404499,1,1,4,2,69.98290010428768,1,7,CSE,Female,71.04038310266682,72.64578928800317,8,1
65.61918551164484,89.869731573811,53.95429018956045,5.288902804981833,1,30.267394586100817,39.36176639847018,31.440089813258112,60.02228281662083,1,1,1,1,99.14300589277101,1,1,Civil,Female,68.22839120146094,40.27288340361248,4,0
85.83158744566515,96.3212917119926,82.66396649958622,8.475176144292766,2,47.277670844133155,77.12421787025013,49.9638594703665,25.55152687233467,0,0,1,4,76.82351955942366,0,7,Mechanical,Female,87.71145034713182,49.97931876427112,5,0
81.1823791542663,55.96626672730615,81.41653828549448,9.918394626317067,3,81.863283930645,27.311318906542112,83.81858106785712,27.19014813889285,1,5,3,2,75.13150578106267,0,3,ECE,Male,73.71120907866953,55.045833010984275,11,1
90.76272370372054,85.08163880977492,63.116457295914046,6.195900521079628,0,52.138910481051475,35.94162691734407,49.39125829576564,68.07296045272689,2,5,2,1,62.888924410199564,0,1,ECE,Female,77.99989167241425,51.386189036722016,10,1
81.56541883041649,95.04034192740981,95.6414509880197,5.711246843435981,3,37.13246716462095,90.19760373235856,26.961377464223098,47.27668571484466,0,0,3,1,85.06817801552208,0,10,Mechanical,Male,91.23830862255576,50.39203351901182,4,0
77.27881296010264,58.699187175951685,57.25077880548321,5.606924697112144,3,55.216374316029956,79.09785205812531,64.54279287425504,93.38144532621445,0,5,4,4,50.718647588888885,0,9,CSE,Female,63.69371156300958,73.0596161436562,13,0
54.496388855748435,53.19182083360532,70.7520704500449,6.516375737837977,0,48.927530046916786,21.099644320907622,87.60966811968278,52.52724298875778,1,5,0,2,52.475631485114675,0,6,Mechanical,Male,60.607291086824084,52.54102136906624,8,0
67.6503585468528,85.57379116592284,95.29356416804475,5.505229055053233,2,88.98983315123884,39.87010082958402,83.67411097148019,31.46251669621129,1,2,3,4,79.96792935679014,0,5,CSE,Female,84.08467058105059,60.99914041212858,10,0
62.72971364872282,77.57470943263577,70.14691121245387,8.46080670847066,3,51.93435423096002,37.15251863945316,34.00985121042826,77.17750668016288,0,2,2,3,67.0837286909227,0,9,IT,Male,70.15009140938913,50.068557690251076,7,0
61.711502882196015,90.40778128439706,80.6492454878761,5.311458990650314,1,85.2252730243205,41.664506242957806,73.82116915299733,43.46827371528079,2,0,3,1,97.66581861004803,1,4,ECE,Male,77.89548344512836,61.044805533889104,6,0
96.70450662811739,56.709074078061896,69.08453110221413,7.547110640748949,0,92.43105013675142,39.80478162239091,37.64034107485177,62.03762458847145,1,3,1,4,95.15953453613929,1,10,CSE,Female,73.65788665273944,57.97844935561639,9,1
68.8686907840045,88.17283096927473,63.16232971273616,9.983484269264885,4,60.36721937035706,25.00210365942766,37.45660276417378,75.8266228404136,1,1,4,1,85.68531293383536,0,0,Civil,Female,72.37738841107823,49.66313715859303,7,1
92.81823464850143,59.67811136229174,97.23092710207175,9.069851347530093,2,93.69602006980745,56.71524132774563,89.92574186441482,92.02112889616564,3,2,4,2,90.90727905639007,1,1,Civil,Male,84.64127464406666,83.08953303953338,11,1
80.29465404786862,57.855485257553816,69.64803230312206,8.076097191155053,0,56.4122637774235,78.61867798289322,39.97351621921841,83.37529558413408,2,1,4,0,83.36659248338466,0,7,ECE,Female,69.30425471287555,64.59493839091729,7,1
88.15094256999913,57.884758300687665,92.91676177659845,6.5312681039330585,4,97.48548915430757,68.53853797739491,41.0597877214409,74.10888542981793,2,4,4,4,56.27910513550803,0,0,Mechanical,Male,80.97741497184542,70.29817507074033,14,1
74.12658046904923,89.09958657110634,61.03782108277214,8.119479181458193,4,36.25026671679011,73.82973348784638,20.052271260903964,74.37065459161148,0,0,4,4,88.27716848446013,1,2,Mechanical,Female,73.38297854515554,51.12573151428798,8,0
77.69138646206524,81.9294665934176,60.229025793204,7.635207319558258,3,78.091348655227,26.49193428289913,89.65352273004142,95.67397152256692,2,3,4,1,60.50959843594232,0,1,CSE,Female,71.97786623392645,72.47769429768363,10,1
73.64084930330546,75.10714038891773,51.49443597845654,7.130416919451857,3,64.566982831985,96.11925681414297,83.40758505673078,43.66592779972288,0,4,0,2,66.17214275500984,0,4,Mechanical,Male,65.22217129904956,71.9399381256454,6,0
59.371663414306134,67.22386323792813,81.28000761804248,5.653551883700997,3,57.1354163818953,87.07934670744199,70.18631480725423,20.08896753569499,3,4,2,3,90.96171060512101,0,3,ECE,Female,70.49066104288727,58.62251135807163,12,0
84.67770153255225,92.1056259590292,67.68926449874053,9.433021076202333,0,74.28983151240206,84.40722547965302,80.02126111510738,41.7563647518559,2,5,4,2,76.82628041967241,0,6,CSE,Female,80.11070404697065,70.11867071475459,13,1
63.47707339716108,68.8373651562865,91.48919599230257,7.248923244106613,0,79.26999641440318,85.8387044033414,32.16388539395935,37.43131037013952,1,4,2,4,92.99703570917046,0,4,IT,Male,76.29000996295531,58.67597414546086,11,1
51.16716638870979,89.1967730946357,72.71407552119474,5.973112559103825,2,30.305428875521635,94.6168406506209,56.66588756700604,72.94676680911985,3,0,4,3,60.651765992163206,0,7,Mechanical,Male,71.19481205348154,63.63373097556711,10,0
80.98267020354405,71.0784756113705,96.47328453990664,6.838796754386448,3,41.68671621230391,63.54031728909582,48.09755098790247,70.69692798124233,0,2,3,2,80.38892193034437,0,3,Mechanical,Female,84.20765756043701,56.00537811763613,7,0
58.50131261153835,68.09333261239556,58.90522475374981,7.070648762644636,4,79.91322354440231,36.022561429410075,27.50212210056132,67.4769106163779,3,0,4,0,54.18954862741308,1,11,CSE,Male,61.540483468680094,52.7287044226879,7,0
95.14201204893989,72.20862971214112,91.69391206186933,9.137689477834371,1,76.64697895047445,69.34268862820329,58.890438817193925,21.299475456756298,0,2,1,1,82.15304967700149,1,5,Civil,Female,86.88275735307204,56.54489546315699,4,1
95.7885716961242,64.46613795987882,87.2766489340036,8.66807190280701,2,97.62332535900741,79.43051949343513,93.65917202741083,78.3022443560518,3,4,0,2,88.12670188877674,0,3,Mechanical,Female,82.98707247040235,87.25381530897629,9,1
93.91349073058153,85.88525024846005,87.0042485429145,8.846524468206699,0,83.2726453175548,79.03339146832204,23.20472952405556,45.88243299883932,0,4,3,2,79.24654469893608,1,1,ECE,Male,88.74132171087828,57.84829982719293,9,1
67.76761761226133,74.130578724439,90.54959494961061,5.055156322143236,2,96.55408954119366,61.71592193335041,43.31687307950351,73.2044791205305,2,3,3,0,63.311575074940514,0,0,Mechanical,Male,78.78929688085435,68.69784091864452,8,0
50.74191759338564,61.146209367047234,86.52915156526394,7.0807699908988075,2,79.1778351074365,25.476697546686246,36.60327489645628,64.52627428017226,1,2,1,4,51.56713344294334,0,0,IT,Male,68.17809871423543,51.446020457687816,8,0
94.55929100421082,93.17957951717929,80.05857543830794,7.406720758176618,2,50.863654604761024,49.68903507441023,39.051732293255704,47.418474034232574,0,4,4,1,55.97244419821429,0,7,Mechanical,Male,88.3450913317402,46.75572400166489,9,0
70.5528391192311,68.42677862591415,56.2997541287546,5.0959613841152835,2,37.375544557559955,93.66132867706858,92.67476415035003,30.76610136832862,3,5,0,2,81.11514895370131,0,3,Civil,Male,64.21378697504541,63.61943468832679,10,0
96.39943131409615,76.09053733347145,51.56125661558009,6.299066043725171,1,84.7276704341455,66.75591278059409,57.44552433874321,27.553511812838476,0,1,3,3,96.72101084212568,1,4,Mechanical,Male,72.3714932405023,59.12065484158032,7,0
96.25375890028414,93.51066132629825,94.20069669515297,8.801449115610675,3,75.09044550331411,63.066555460457074,57.3039530351855,86.52146664897788,0,3,0,2,60.32672019860032,1,10,CSE,Female,94.6096047460359,70.49560516198365,5,1
90.94445386243328,79.96342380387162,79.59921509699542,5.685548528644995,4,33.373020867530734,41.508281150575485,80.84605139642258,93.47180336652464,0,0,3,1,86.75130745525493,1,7,Mechanical,Female,83.11204933868964,62.29978919526336,4,0
64.13354681934011,55.611105954001474,88.23378996685646,7.6765506572629585,2,55.20353261306848,49.47591359332631,32.35937632039406,71.98304374114397,3,3,4,2,93.32255316245207,1,11,Civil,Male,71.21691181874505,52.25546656698321,12,1
68.48469097289241,95.11194193344681,73.1130728726024,6.0760093600861875,2,96.97598708390004,91.62768713225354,58.981228328004065,28.27472918883867,1,1,3,0,76.04410892237556,0,6,CSE,Female,78.32421902094273,68.96490793324908,5,0
90.85456023280913,80.12998654742806,55.63079307019493,5.060603873219466,2,65.02808019971408,73.31704380214686,54.39881712968478,52.162177351059256,2,2,3,2,83.46328979218288,1,7,ECE,Female,73.54768126214913,61.22652962065124,9,0
65.21225624750133,66.07546950354013,56.00891802572242,6.206007287997707,3,60.291039521379325,82.99096214018662,67.75285524373248,78.31513600841258,1,0,2,2,90.7507658338074,0,7,CSE,Female,61.78988493560141,72.33749822842775,5,0
58.13565184093244,56.68505948784259,82.90713378699063,9.879368774550269,0,62.03897236115058,56.34763384541241,99.96461626003509,82.38567072080545,0,0,4,3,63.03375788702968,0,5,IT,Female,67.60906691342876,75.18422329685089,7,1
76.72646059800081,88.11320908497422,70.65468295517421,9.007685559414949,0,44.62179068036146,70.41977755649263,81.55591152656376,29.457489783287087,3,2,1,0,64.84478371340215,1,9,CSE,Male,77.71377408696219,56.513742386676235,6,1
94.93542915971749,79.76349228456866,59.62518688161616,9.797883221605167,1,55.80950196053567,39.8706886994566,51.82925624139418,20.002457507630595,1,3,1,0,50.03137583142281,0,1,ECE,Female,76.2597511859323,41.87797610225426,5,1
83.4094302403987,75.60613241486342,73.59653824358897,7.439270219631812,0,55.88692791910236,76.4368664226789,86.20424418192376,76.9709636704484,0,4,4,2,98.15470654489013,1,5,Mechanical,Female,77.14328409401423,73.87475054853834,10,1
77.36293616428952,92.90684398644596,53.082028979606434,5.548680993387517,2,33.66485141312307,54.20810669626698,33.65666906499841,48.52769407889645,2,3,1,3,95.87724472981725,1,0,CSE,Male,72.31374563706322,42.51433031332123,9,0
54.66447170099689,87.85266613877748,77.93462729189113,7.739797444868465,2,83.72973399625428,55.403641185179644,22.43709490471681,40.35850652946082,2,1,4,2,88.22841318797151,1,0,CSE,Male,73.92899226868876,50.48224415390289,9,1
79.52034688156014,57.28039422717205,62.911683412884685,7.271886672799805,2,59.15531023327153,71.94578596615054,36.35586979714184,21.031797583162035,2,5,1,2,53.9538010488324,1,10,CSE,Male,66.20489569777354,47.12219089493149,10,0
97.52258480500464,64.96265925418632,88.28283683058504,9.221785413698079,1,87.55259207714963,94.90244971751413,47.23292448914077,63.223952540919974,0,4,2,1,72.37514448497541,1,2,CSE,Male,84.0587079499913,73.22797970618113,7,1
56.724032731353155,61.92747871109435,64.89737402833154,5.490412903921223,2,89.52436007839268,25.120507728689674,60.84646059676479,88.09205883407854,3,3,1,1,55.09458769857764,0,2,ECE,Female,61.55440304406686,65.89584680948143,8,0
74.87982331345935,85.7094220434885,71.85056715592646,7.441205685108891,0,44.839583828906065,85.97945898776061,69.21033124329598,96.61053170180703,1,5,3,3,50.79601336313993,1,10,Civil,Male,76.91700046945493,74.15997644044242,12,1
92.11390745254187,51.60955686731741,50.55778591558883,5.750243323469921,3,76.01474375190901,43.39064883297545,92.84845737715374,65.25959604906313,2,5,4,4,80.80914826062987,1,4,Civil,Female,63.340153662193316,69.37836150277533,15,1
85.55689365220181,77.3547048738232,53.477450614138824,6.6233796344503,3,63.05972629140872,55.51355636051022,60.78832076403661,61.156906219191534,0,2,0,1,98.04147085400942,0,0,CSE,Female,70.26445980346303,60.129627408786774,3,0
83.45675556777286,86.59801691555315,68.83969070752087,8.686785386938999,4,91.61097165450396,21.75306630200072,60.10205157005835,26.80451083913929,0,1,0,4,95.14340117160751,1,9,ECE,Male,78.55230802800615,50.06765009142558,5,0
83.71923603138124,92.08475056456398,73.03706406642192,7.380090646843833,0,45.10184754235179,44.083686226745044,24.01944078583857,63.90982412340798,1,1,4,0,84.83774074677021,1,5,ECE,Male,81.95602160535233,44.27869966958585,6,0
67.25557525854825,66.41992393836355,78.80098630972658,6.879441425728847,2,77.4469240217031,60.210499410410435,22.792924212497905,50.39832631723157,2,1,2,1,54.83202920824357,0,6,CSE,Male,71.62304428296417,52.712168490460755,6,0
64.09240852469568,89.42035062425661,63.999803778046555,6.972381392850177,3,72.54264855769058,24.49408618779512,64.09279695330977,68.57082247068615,0,4,1,1,63.708201883615004,0,9,IT,Male,71.65374925590432,57.4250885423704,6,0
88.84933546296865,55.31032337384995,83.35913053407404,7.297233842029933,0,50.671103430028296,59.28765835065321,55.05428905986756,51.09810783012374,1,0,2,3,66.00283634426455,1,11,CSE,Male,76.59154986467519,54.0277896676682,6,0
88.88544294460067,90.62971000325687,91.28587506508183,8.925082719185284,3,39.56206325558208,94.16885030867418,87.13443159842389,39.22392987602934,3,4,0,4,88.15750288727807,0,10,IT,Male,90.36889591039,65.02231875967738,11,1
91.61947129184497,56.11945579193515,87.43284746688079,9.460423444701172,2,75.61478323340936,28.431457448624418,32.854366776947614,27.59722201827012,3,3,4,1,90.1124589617557,1,2,CSE,Female,79.29481711188636,41.12445736931287,11,1
93.83554652271062,69.06978994689763,51.90170361672114,9.77667343251964,3,81.70182206926314,81.15525824604035,21.997732969363966,45.19347556711166,3,5,4,1,69.25530614949602,0,3,IT,Female,69.63228238757094,57.51207221294479,13,1
74.54443514532501,88.27017755741858,73.06433346837579,8.934516931276475,4,52.0939140634345,52.773684270079414,55.92310143441007,27.73158674302018,2,5,2,3,70.89419983088048,1,9,IT,Female,78.07011719817339,47.13057162773604,12,1
74.07278214498558,57.196036512741145,55.036648564072394,6.577034478740064,4,75.13828228156197,72.41389716194703,38.9982845401806,34.15175606591872,1,0,2,3,52.22545196380857,1,10,CSE,Female,61.39530502294697,55.175555012402086,6,0
88.31816859040521,61.00406697116679,61.61816076140132,8.440673530432711,3,57.65916353280523,40.81892783881835,23.969149867106996,98.98689268636367,1,3,1,4,64.45683592093805,1,9,IT,Male,69.44393497303213,55.35853348127356,9,1
81.19826867733272,84.66812328286719,97.35980447682303,7.18801562027696,0,79.92448182978325,32.75938100330866,77.96786294781032,55.52828455252949,0,0,3,0,72.564258858882,0,11,Mechanical,Male,88.70383937878918,61.54500258335793,3,0
83.69441010836977,84.56175375421157,56.83978605927263,6.273353110230255,0,43.94506924258371,32.83700914169812,28.9274399965798,62.549741320401324,0,5,3,0,55.84915231926288,1,9,Civil,Female,73.21276358248346,42.06481492531574,8,0
88.19804813293285,80.77508637849428,73.9466313656651,9.204357897129613,0,92.3150501845322,25.639355651451574,68.66556000062174,89.88948229897723,0,4,1,2,72.66337303775107,0,9,ECE,Female,80.27059289969418,69.12736203389568,7,1
92.72025640724318,83.3095253344208,79.67147524726971,5.192131744811625,3,50.118671752590586,34.85173639209944,42.48398001335113,99.64551203925502,1,1,3,1,92.65879061289002,1,9,IT,Female,84.67752462140709,56.77497504932404,6,0
66.22376752887372,76.05077328068461,83.718318586117,9.508809960677118,0,55.7450191429307,73.13755079911746,33.87968402840176,66.61715594757453,0,5,0,4,79.06605098625266,1,2,IT,Male,76.1696896773143,57.344852479506116,9,1
68.02798172671731,62.08635482753373,76.86313680737187,7.30738732312367,2,34.066436645624485,90.53524894748064,50.380121833545395,84.99790568353373,1,2,3,1,53.946492751920616,1,0,ECE,Male,69.77955568922405,64.99492827754605,7,0
54.51113311236171,66.59340768818814,50.469000676120814,8.186007384041403,4,37.80585486248935,85.13005484729294,84.11566209783629,46.155281946934025,1,1,1,4,59.58356594151372,1,7,IT,Male,56.51896251061328,63.30171343863815,7,0
77.75744676781635,58.71669040646843,65.67014279571161,8.296769611028914,2,66.11033318986297,74.81074478995873,51.367486152365814,44.459516595783285,3,5,3,4,73.7272175079278,1,9,ECE,Female,67.21029827057008,59.18702018199269,15,1
51.72522914224362,93.60562694401416,74.85015888246615,9.475588703532683,0,48.73148737095801,28.834549072888215,80.06157193688446,52.21629767956482,0,4,4,4,68.07435749109061,0,9,CSE,Female,73.53932037886379,52.46097651507388,12,1
72.34870487035809,78.00280614877379,54.217591958952,8.183348410836036,2,88.4836158019536,43.13499570367598,30.038903743932053,73.80058101389193,3,0,2,1,67.93635097730494,0,1,Mechanical,Male,66.79249008932035,58.86452406586339,6,0
76.04694246596368,69.24086800465471,66.83009269804067,8.06966792380031,0,31.028537205846767,44.784550025797515,81.82171357320632,74.5753351404079,2,1,0,3,76.4633724071795,0,0,Mechanical,Male,70.31838022040179,58.05253398631463,6,1
63.753980102157655,72.17627857491837,51.5937492219856,5.33326020280345,3,56.536583407035536,39.9965557118097,38.95466599253189,45.21915477195606,2,4,4,1,79.21979607947287,1,7,Civil,Female,61.41657729191704,45.176739970833296,11,0
78.35999650731252,95.46960030136714,53.771767863441,7.59204010972602,2,53.61418827383649,61.20045277677785,74.19145039110983,30.656793930930295,2,3,4,4,89.84307851380956,1,6,IT,Female,73.6575861879803,54.91572134316361,13,1
51.46401199707437,57.36086734957185,69.0523172576766,5.750845004085209,3,31.35293416423207,62.8443051903738,65.26252438727971,70.59170051724068,1,2,1,2,67.04832817312423,0,6,Civil,Male,60.26839070706451,57.51286606478156,6,0
51.792713059962296,78.13903193680628,56.3703561940669,8.687168843607427,3,38.70578793003571,48.550878013688816,94.33157737693499,30.266068975101163,1,1,2,0,90.27331415202934,1,3,CSE,Female,61.52766597665733,52.96357807394017,4,0
89.48482691166359,74.28265658645437,77.24196071655479,7.561109604063372,1,58.95498724430447,48.30313269891488,50.98580143802512,66.2794006583464,1,0,2,4,66.93056145563162,1,10,Mechanical,Male,80.0270293360573,56.13083050989772,7,1
67.28915078774062,79.3498033008631,83.09431851858875,8.401138896041767,0,64.50052091132127,86.2844478324865,25.293215106755234,75.47377024450472,0,3,0,2,52.77164944706169,1,8,CSE,Male,77.22941363401662,62.887988523766936,5,1
56.09890460729047,50.869288823400346,88.42816155723598,5.208364503011921,4,58.30028230784084,83.14342786557485,21.532438844100234,76.04891971155612,3,4,1,3,77.70938255023955,0,5,CSE,Female,67.46172265210163,59.75626718226801,11,0
75.06767648263062,91.86194762931927,59.607211723750886,5.423960080229016,0,67.16563748884657,44.62366653445965,86.14868487782024,80.27776885276774,1,2,0,4,79.39511624474073,0,1,IT,Female,73.92177192308532,69.55393943847355,7,0
86.95969054873332,94.7416775592134,58.039163948435345,8.581616940313411,4,71.6592172433977,93.10307550986074,61.978851012914575,89.82875372525316,3,0,3,2,96.72701228109301,0,0,CSE,Female,77.72607601175815,79.14247437285655,8,1
60.359409319848474,77.12639281228203,55.019256336051214,5.360421679993367,0,30.694667478948496,96.22520136020049,82.01952414679594,59.996719357183075,3,4,4,4,86.30306630312373,0,0,Mechanical,Male,63.25344317405964,67.234028085782,15,1
79.898742839312,83.43923954609083,80.54865197809457,5.356283638826293,3,62.486661161745275,46.139403362403264,38.75404800092117,78.4199351623657,3,4,0,1,95.88863262472198,0,8,Civil,Female,81.22085550685867,56.45001192185885,8,0
54.096678319700864,94.27997029651019,83.91083487137126,5.060542376174437,2,97.44494686213118,48.353995903444385,47.6066996410587,69.53381882926693,0,1,4,2,95.41736051215048,1,3,Mechanical,Female,78.07732853341182,65.7348653089753,7,0
52.48072261609317,83.94745444704313,51.51613495163082,9.7825069914974,2,66.33225960906842,60.45073227375671,22.408309776905515,34.93119518381461,0,1,1,1,80.22870551291211,1,4,IT,Male,61.53490709959321,46.030624210886316,3,0
75.5050223152711,57.32187405988454,94.9381878196971,8.687541797295035,1,77.42795872212673,95.28966500269388,96.91938596592897,22.055171589552653,2,0,3,1,76.38810326682238,1,2,Mechanical,Male,77.82334404042554,72.92304532007554,6,1
75.95048583728511,77.66184128800703,52.494621615270674,6.766257042510321,4,51.83047005418182,90.10555465138492,73.42943253606506,42.7633108541547,2,5,1,2,77.87204835818,1,3,ECE,Female,67.08154678369591,64.53219202394664,10,0
80.59663527191391,79.12232222637708,75.98222409445138,6.482677906438276,4,84.17939647069338,28.205437006687184,94.6564070207445,55.44269650700955,3,5,3,0,98.91654038386238,0,11,Civil,Male,78.30857688726785,65.62098425128366,11,0
84.85238401868776,70.35827222251453,84.03490493364399,6.748516148729248,4,84.10450373132807,51.4184594617133,41.23971259432579,69.3684755542925,2,4,3,2,88.65838458734794,0,7,ECE,Male,80.17715884581828,61.532787835414915,11,0
96.84089981420166,85.34932330998669,91.80651793981211,8.87326765590591,3,66.49072333578972,64.26969517998174,68.91708889805287,87.99674644025643,3,1,4,0,55.31329523961979,1,3,ECE,Male,91.37967411318135,71.91856346352019,8,1
74.78241671845737,94.84961670891272,84.27617274235654,8.306853055352072,4,98.32096762954495,60.2505978041232,74.27999746341102,35.69965733649325,0,2,1,4,88.92142033907,0,8,IT,Female,84.60007912515364,67.13780505839311,7,1
65.50191070117981,94.42728861952526,88.48294798735,5.92597783933734,2,38.788515033385735,35.50904543495142,45.403976020607075,30.04398319187817,0,2,1,4,58.52690244491129,1,8,CSE,Female,83.37193899115152,37.436379920205596,7,0
88.16893734889777,71.64028982739833,66.29360924205469,5.870546676670422,3,31.18633654227067,88.70534169345237,87.8487388012504,97.0783957979462,0,4,0,2,72.36752745028129,1,5,ECE,Male,74.4602118497107,76.20470320872991,6,0
62.99994806057956,55.435426200356254,89.11160545983259,5.491978248566987,0,83.91107482299671,74.15526263974698,95.77291703201982,28.643564750112567,1,1,1,4,60.52298360882671,1,1,Mechanical,Male,71.17525446221379,70.62070481121901,7,0
71.07062819387053,97.27237755019206,53.845512626464405,8.301513598506691,4,86.50088761554179,87.03266998814429,90.78840941568035,58.27928560857514,3,0,0,3,84.47915327666149,1,11,CSE,Male,72.04110677380454,80.65031315698539,6,1
53.76590630442877,90.26710814940483,92.95119949090532,8.821863311108679,4,38.41450603844034,88.70114234795777,79.1253580751498,66.84509830346414,0,0,2,1,93.86548680965178,0,9,Mechanical,Female,80.3903841325122,68.271526191253,3,0
51.21683568394196,55.98380869775681,76.28443405537934,6.32523214162502,0,48.590798307102425,79.86846829325918,42.19717437799632,63.30995367259506,3,0,2,1,64.51809426833405,1,10,Mechanical,Male,62.67396693666136,58.49159866273824,6,0
96.2071239045404,94.20041036563387,89.2302929581997,5.104724805154564,4,31.228665435664023,55.136848099977385,42.529283368450535,26.882572562635456,2,2,2,0,54.10053706040938,0,6,CSE,Male,92.81437746433215,38.94434236668185,6,0
90.12704578458587,91.75502537898215,71.71127765687841,5.410858337382137,0,50.53160275463953,68.84374040123396,97.06882563568303,24.56215312028955,2,1,1,4,64.92465490374816,1,8,CSE,Female,83.24913241182178,60.25158047796151,8,0
83.4067618924975,74.90422674205146,80.8917293694332,9.839300174225151,3,84.119931174307,32.829232489579454,20.822759674855362,28.438674196882854,0,1,1,0,83.61809289660971,1,5,Mechanical,Male,79.84998833813796,41.55264938390617,2,0
69.62974133188496,78.3812209157566,75.26732772493344,6.477223887387101,2,66.25723693988053,73.89163339799262,77.28399785937157,66.847014709809,3,2,0,1,66.4380063777225,1,2,IT,Female,74.51021976426584,71.06997072676343,6,0
58.3181273634006,69.15212978576625,85.11629704425593,8.846115739190669,0,54.36669152178017,34.340260459142456,76.49969300442098,63.54759101074569,0,0,3,1,63.90560837769017,1,6,Civil,Female,72.28759596245243,57.18855899902232,4,1
57.50897804821213,52.628558663457504,53.9182391374683,8.12331784427132,1,56.02175064344312,75.51596724081254,69.81516327598379,38.69926336293954,2,0,0,4,59.221759529213244,0,4,Civil,Female,54.608556668488205,60.01303613079475,6,1
62.01165911190058,66.08946759900324,52.89690003154706,6.909698198264479,0,30.09475380008277,38.36785286031749,99.20870768694927,71.02193134764732,0,4,2,3,74.87582134372167,1,0,IT,Male,59.58909802588997,59.67331142374922,9,1
76.36287990589378,88.53696553270456,61.86095523248703,6.028436310977776,4,50.98603692956651,29.404104012017598,44.95035486109802,85.60540016445195,3,5,0,3,63.79744140785938,0,2,CSE,Male,74.21433572457431,52.73647399178352,11,0
84.300604289603,50.22233710422094,57.65814464543304,5.606932090797033,3,75.25211191465513,33.222759211436596,47.197749103459856,23.3263167877275,2,3,3,4,86.55051745697415,1,4,Mechanical,Female,63.420140276320396,44.74973425431977,12,0
81.6894740824511,66.00796024117491,91.84561119642568,8.075064840194333,3,98.193611067145,20.15937081752562,26.315152235724444,59.85039548384339,1,5,1,4,53.83112009961013,1,6,Civil,Male,81.04747477565809,51.12963240105961,11,1
63.43682705340525,69.11209729236528,60.52227139318613,8.87316890318894,0,89.29425788887296,77.49916942828241,55.423850923498996,75.14483296821523,2,1,0,0,83.20165165556588,1,2,Mechanical,Female,63.97358586100562,74.3405278022174,3,1
95.83353347183332,75.7949889410203,96.8415322793183,8.219521267705654,2,31.651647525187038,78.59208392467033,40.88388209878785,40.184954165574965,1,1,2,4,61.87800072838849,0,5,IT,Male,90.22516963558341,47.82814192855505,8,0
85.41905200139689,94.1530695878125,66.17099800501313,7.651510666245791,1,92.89924232723875,61.194667993060754,47.47093617421154,44.621672423451926,0,1,2,3,74.46396305258016,1,4,Mechanical,Female,80.34003567876807,61.546629729490746,6,1
76.60899452054724,66.62460772956614,58.741659953057564,5.209756117158181,3,84.82388893090382,32.9090240844307,86.76574322045022,69.0910322391507,0,5,1,4,64.30449610156303,1,0,IT,Female,66.46674465625703,68.39742211873386,10,0
79.36259581924891,66.65375369101892,87.905528342839,9.84244388797192,4,84.62632864996863,26.68434700085518,94.83876108219965,91.83482347549895,3,3,0,0,86.13843380053979,1,9,CSE,Male,78.96711619021595,74.4960650521306,6,1
70.14080299653392,85.40005990926792,81.61797322404206,8.993570958272873,4,62.05970313025,21.53031731498296,34.85864576041485,84.79395362423195,1,4,3,0,97.26535201258184,1,5,IT,Male,79.30944816135738,50.810654957469936,8,1
61.89108749605556,71.70646116271075,73.91339438975066,6.464110183504824,2,57.8603705068152,33.25985415721766,49.80071452427727,66.65041752796668,0,5,1,0,95.85383897349067,1,7,IT,Male,69.64462235353015,51.8928391790692,6,0
67.08668857526055,60.78103150111913,76.6574504450063,9.899851646794254,3,51.204101018323485,91.26844279865173,94.29044496923153,78.41773742057994,1,3,0,0,79.17131075720455,0,0,Civil,Male,69.02329620091643,78.79518155169667,4,1
86.37661330228971,71.71709677436928,84.52168535706866,8.009407948181611,0,34.598640126805606,39.32294733613454,24.94467685513781,49.185797616623894,0,0,4,2,73.13051516284892,0,1,Mechanical,Female,81.23678716582516,37.01301548367547,6,0
50.69088745422828,56.7611369782304,60.96582758390234,7.912113291036232,4,45.976475444558936,48.341706177377255,27.38884224891028,71.27724224790062,2,0,2,4,90.91502547196909,1,3,Civil,Female,56.62193836329854,48.24606652968677,8,0
55.57148674433198,58.46657535229872,97.82402797072362,8.740365897147662,2,47.262254448461725,28.427638758506653,33.023279136498346,57.294527290204556,0,1,3,1,84.1663181313865,1,11,ECE,Male,73.34102981727867,41.50192490841782,5,0
52.20812681704413,73.92165309149503,96.79007178304559,9.058848940450687,3,63.88539487971411,37.78890437985362,67.61702673014997,35.19489091660488,3,2,3,4,59.17820571084664,0,1,IT,Male,76.55496268577998,51.12155422658064,12,1
51.95498251131057,70.10842157621829,81.21563294465297,8.282393036657513,3,82.32110846176857,61.53796566241641,32.037781680479796,76.13906191018057,2,1,3,2,91.04596068065001,1,10,ECE,Female,69.10527440411985,63.008979428711335,8,1
91.06210803252834,93.9126032512688,59.578037644598965,5.640478731831,3,63.166687987856264,68.6202146476522,97.44611051605868,64.51717098790576,3,2,2,0,71.44421946973551,0,8,Civil,Male,79.32362844297873,73.43754603486823,7,0
83.77557725024113,67.3949071575984,82.65095563670198,6.6913375299724915,3,34.049111461301244,39.62818513329688,55.73716218068163,48.68972655628731,2,3,0,2,59.44928299855876,1,9,Mechanical,Male,78.41152757703264,44.52604633289177,7,0
72.7603437961916,77.86824081334609,53.46552363100044,9.640418201630249,3,97.04528606917427,24.618572738009377,60.12143682801331,92.90713520629046,1,0,1,3,64.08986751982462,1,7,Civil,Male,66.57478483526148,68.67310771037185,5,1
54.69603971124807,80.34868582013746,51.47132010587869,6.12307805921926,4,95.99070233658786,51.28262953019189,39.73268926443252,21.67472942613866,3,5,0,3,63.376351512417116,0,7,Mechanical,Male,61.101945701767136,52.17018763933773,11,0
73.59756200560795,50.628533916240016,62.36877864853825,6.860835119187566,2,84.9632680203886,38.73626967410673,57.67682019477868,45.26185209995968,0,2,1,4,75.96034873017301,1,3,Mechanical,Female,62.21534023596969,56.659552497308425,7,0
72.72664499746716,81.84979385680211,72.20590192348718,7.16038441472098,3,99.39295310949544,37.56431385838415,72.95309061096091,24.550511822211725,1,3,3,4,61.71850453389378,0,4,CSE,Female,75.25529242567566,58.61521735026306,11,1
58.31368975568073,58.54572640974807,91.67708025960226,7.1970249484722615,1,68.1137632960184,96.78902421707642,80.09417095632342,81.32218529773017,0,0,0,1,56.17832437007881,0,3,IT,Male,71.72865695346954,81.57978594178711,1,0
70.82487916342271,96.13137523853385,84.90411534878278,8.064697912472628,1,97.39378451772443,69.30403887405792,80.30944661679304,76.16859632910341,2,5,3,1,56.184542530688034,0,8,Civil,Female,84.04852246010009,80.7939665844197,11,1
69.12822725107392,57.135810932149425,85.64991301759909,9.715379188723539,2,35.29235284317255,64.55027545376767,66.23128901552707,46.50817749890536,2,2,4,3,79.16380985695483,1,1,Mechanical,Male,72.13917666200663,53.145523702843164,11,1
79.56080470650639,69.90195793889714,70.42368005350761,6.203463559162525,0,55.59765237829599,53.262008281865754,92.34878199950857,74.05303217656584,0,1,3,0,86.73796444246892,0,10,Civil,Male,73.00830081502411,68.81536870905904,4,0
80.4844952416469,54.096784067774905,66.60487964225422,5.60750688150459,0,45.776688760473604,54.31554667441154,85.39262778448875,51.67497809567599,0,1,3,2,66.07665044191704,0,7,Civil,Male,67.01633564972822,59.28996032876247,6,0
52.17459246905814,97.84996408860547,67.80986062326093,5.987352449299687,0,43.708315889398904,63.27240030704647,80.56384917589003,80.50030331379475,1,1,1,1,51.732535490700855,1,1,Mechanical,Female,72.13131121660345,67.01121717153254,4,0
67.98140550207061,74.10536049589965,97.40717905933077,9.434624501046347,1,39.856206422487325,75.71438456288858,24.448441734436848,56.334693018936484,0,3,4,1,56.36124434685054,1,0,ECE,Female,81.58890142312339,49.08843143468731,8,1
80.04127595428335,78.5784808313621,51.92524118779916,8.229054063276031,0,73.56895490961976,76.17168769454636,20.550236977571945,52.98237822653324,3,1,3,0,95.73472801685286,1,9,IT,Female,68.3560235108133,55.818314452067824,7,1
74.15054041184422,53.21967091464452,91.61751181387753,6.4295339461958,4,84.69252990231135,33.73551261643597,36.995782175637835,94.77839323906407,3,4,3,0,74.67718297947265,1,2,IT,Female,74.85806812349763,62.550554483362305,10,0
91.11151237703947,85.99810257916053,77.77641961147489,9.079734694843086,3,70.48088795942525,60.009020166130156,73.08188751307618,40.07032799125602,0,0,4,4,72.67864048075873,1,8,CSE,Female,84.24345233144996,60.91053090747191,8,1
81.61729431770937,60.07546846858811,71.05354012110034,9.30684998181718,1,40.28738967117468,52.956647602728154,52.89579911060366,29.635787199725236,3,3,4,2,51.902458915504546,1,11,CSE,Male,70.92924488432938,43.943905896057935,12,1
57.820852499908625,93.10660589315427,84.81236769992655,9.23257169345139,2,86.77866389534296,89.64215730155074,52.19250074394494,66.76344906075666,0,5,0,0,86.43185111584495,0,2,CSE,Male,79.20318459788949,73.84419275039883,5,1
53.387299875220634,59.84670274313635,73.36010918838574,9.594632668197772,2,74.51682950146099,70.5135136974701,90.7669510583691,97.5457449827343,1,1,1,1,76.40340404660395,1,8,IT,Female,63.31424446086139,83.33575981000862,4,1
80.83612535390316,59.153010591855995,91.92431542791971,6.261205100866808,3,57.171599428889685,62.600325313278546,91.6450278505471,50.227137098174936,3,0,4,1,60.10404680432604,0,6,ECE,Female,78.76646695489563,65.41102242272257,8,0
51.272542905997845,51.75438405670855,93.2336894725404,8.775209643731392,1,77.18912068752441,29.23157137431339,92.73402112428685,24.96294109030252,3,2,4,3,55.50368800905286,1,9,IT,Female,68.20155387782808,56.029413569106794,12,1
78.11722790112624,72.65921336527997,70.24260448992587,7.3026974863707,0,48.193348546998294,68.45103114587292,45.11024612120218,47.144421384765394,0,1,2,0,69.16939318159993,0,0,IT,Male,73.3299741758922,52.2247617997097,3,0
95.13105158839797,77.11237439660559,63.287734267282474,9.209992764450307,0,54.16345459459474,29.376312454418674,75.28446501914094,60.474532345564675,3,0,4,4,91.85809820975129,0,9,IT,Female,76.98812150241406,54.82469110342976,11,1
77.62276053804219,53.154014692560914,78.43281577248139,8.642453385808066,4,94.22400901923932,46.976526045260165,41.73065450194957,32.9538405305771,2,4,1,2,93.26472796005123,1,4,IT,Male,70.60615887817349,53.97125752425654,9,1
68.63215645791306,87.22532560136051,93.79344058960118,8.882237232498623,4,50.33531539699943,31.427357185146548,35.24878664595598,72.64817744451936,1,2,3,4,80.14231901978182,1,8,ECE,Male,84.27462085362254,47.41490916815533,10,1
80.87783448523295,71.75786406790533,60.111785072272,8.280809188405357,0,62.89917877105556,75.36589176194951,34.77059658778954,99.81995112081604,1,4,3,1,86.37682136150713,0,11,CSE,Female,69.83542359485028,68.21390456040267,9,1
71.9961387435928,75.17073292772383,79.90239601104717,5.8871438473485345,2,92.30987961772102,36.50016910689221,47.36860966908752,56.13915807851551,3,5,3,4,55.75778937014352,1,2,Civil,Male,76.11101990581386,58.07945411805406,15,1
76.18960588716487,71.15661185303495,80.31489056444099,7.725134594484691,2,79.54049451872692,51.34874985504208,54.396609582385736,48.37828453841701,3,0,3,1,79.40630327339274,1,8,CSE,Male,76.32982154783633,58.416034623642936,7,1
95.19031082127321,69.23662692201565,85.18942507593349,9.92334869762254,4,34.35422583152919,91.65398220950229,86.47593368440548,52.05633334675733,2,4,2,1,83.34828517435909,0,4,CSE,Female,83.40385135336005,66.13511876804857,9,1
68.53292661443717,76.86273590279446,56.31524888610847,9.686940332485594,3,40.311213099527926,36.34531067191762,29.59128747781697,29.21169427161609,2,5,4,1,60.03564214568961,0,8,Civil,Male,66.14479830961288,33.864876380219656,12,1
96.13714706354789,57.451531804674204,84.35959830474025,5.215868678985059,0,30.54891135403418,60.62440511670233,78.79406779159154,90.6618881140979,3,0,3,1,94.00773664551295,0,9,IT,Female,79.82044298236272,65.15731809410649,7,0
93.45683081389106,58.732550263773014,93.63356099195076,5.824074078647186,4,74.16452531604143,53.54173289328176,62.516393135144426,53.186052441708156,3,0,0,1,59.74983687605099,1,5,ECE,Male,83.11023872007952,60.85217594654395,4,0
59.39797446988623,91.36570980864883,58.624789225771615,5.65864386727281,4,61.33713977872928,21.44992328365838,43.0356274140794,50.98195291398731,2,4,3,3,65.67386799232253,1,8,ECE,Female,68.67902097386916,44.20116084761359,12,0
53.32934244200794,95.41354218241437,61.40207959634613,8.629899549926478,0,39.399239563159284,83.42064908582502,59.42556676262597,72.77522183443794,0,0,4,4,81.02784235117292,1,6,CSE,Female,69.18369722586515,63.75516931151205,8,1
54.83734406611648,67.91884718142813,96.6269645139987,9.088926649284726,0,97.05538847397393,25.52367250516798,43.99536558216181,55.36267367448988,2,1,3,3,81.91750325653653,1,6,Civil,Male,75.47764317986287,55.4842750589484,9,1
50.874647631274385,62.99574431089058,58.68689373005551,6.067556831553359,2,67.07618067619339,57.94040167815629,67.68655641906449,71.85867750462768,0,0,2,3,84.96923704936836,0,7,Mechanical,Female,57.635875074671695,66.14045406951047,5,0
54.53326211628456,80.91197807547276,91.0104844817398,7.529263464759145,3,46.93253058790224,64.854263595116,54.707513828419536,24.915703210463,1,3,1,0,55.600585653410285,1,6,IT,Male,77.03776585022311,47.85250280547519,5,0
82.78432512398513,69.61924021270863,73.62933710950567,9.203515140056,3,65.04224998082952,70.27411652916697,33.1524423263103,85.0978674977782,1,5,1,0,92.47322149642777,0,11,CSE,Male,75.1728044448104,63.39166908352125,7,1
53.41705512609099,51.21854507169655,61.867091571352496,8.664007723831253,0,77.57342329145754,75.09053034463005,29.326645964455736,95.2403162303522,2,0,4,0,76.64235661416299,1,8,ECE,Female,56.137516687877266,69.30772895772388,6,1
65.31083025410054,57.49532467357714,91.79599526108055,7.711186027459242,1,35.33674525814951,40.2617906818172,63.73565456577041,71.90123089275087,0,3,1,2,73.56608970525342,1,10,Civil,Male,73.56024458273552,52.808855349622,6,0
90.55401492653382,84.36666698467508,71.37465224012794,7.951738452293864,4,49.22926705335244,20.79830213267595,92.19304266288827,96.36527430870485,2,0,1,0,99.05488122567547,0,8,Civil,Female,81.02606546941385,64.64647153940538,3,0
51.11705291531964,81.62834921168727,74.71123298862513,7.5418027345814,4,86.48758436187956,77.87549298839295,47.51661492461484,32.11458514959706,2,0,0,4,87.01891484705098,1,5,CSE,Male,69.70811383355212,60.99856935612111,6,0
89.09448716426891,51.30060764016721,67.24320173118875,6.487742256594103,0,62.176540928186284,62.85252794780629,78.64000857780985,58.1932951584283,0,4,4,3,55.900301330968745,1,6,Mechanical,Male,69.01580913380633,65.46559315305768,11,1
63.52902918912319,60.654663772781575,78.46164086887651,7.8251099642950805,1,68.26039994226065,86.8894162565799,72.69290839518135,68.14453871563578,2,1,4,4,87.82695836131204,0,1,ECE,Female,68.63976423612203,73.99681582741442,11,1
55.6719117258395,61.091590236227425,57.849145884081096,8.444426510250453,2,60.29712015466285,85.71106903205555,94.52439314475848,66.53893179369493,1,5,1,0,54.76244669864347,1,8,CSE,Male,58.16870894225252,76.76787853129295,7,1
83.44338393747924,82.25085169273896,68.77191375928452,9.366614579304038,0,33.07299598501036,87.46609342303066,85.67848138393127,52.11694232712346,3,1,1,2,51.373528125649244,0,11,Mechanical,Male,77.21703619277926,64.58362827977393,7,1
80.18925664543443,50.94610581220948,96.5317914720938,8.18145676989624,0,41.60248458741091,58.80757279836321,65.32842071243704,47.04675274930091,3,2,1,2,70.18129476349486,0,0,Civil,Male,77.95332532613068,53.19630771187801,8,1
92.11865664929854,54.99721193525954,62.390404769654126,8.80560768521579,4,61.187914711932365,46.69027166694925,72.56243985872858,30.145921804033506,2,4,2,3,99.67890864096094,0,0,IT,Male,69.09092248322908,52.64663701041093,11,1
85.28341010258652,88.39597209791309,81.52335989798203,5.800358174772865,0,44.64298257855495,83.3246562073096,91.87091732672279,51.33939604498225,0,4,3,4,58.74419680974313,0,2,ECE,Male,84.71315861934269,67.7944880393924,11,1
88.56708465847274,58.57014377860801,65.60912308278536,7.307787372098949,0,33.49853200617751,56.1035290423404,51.96150276695478,33.01286520843881,0,1,2,1,83.63221717633951,1,11,ECE,Male,70.38481776423836,43.64410725597787,4,0
63.537659483422715,81.33181317689,87.12671003295682,5.046658099135467,0,89.05547648362767,34.67537571227476,46.143576468622186,78.74925411937747,1,4,4,4,58.669803310305966,1,5,Mechanical,Male,78.31152581127654,62.15592069597552,13,1
58.5170981014267,61.43277349024287,56.281935714480795,6.233394322608115,4,98.6834770414881,88.39792156491795,20.86488669081571,36.7064748395672,0,1,0,0,86.23934874791931,1,4,CSE,Male,58.497735763293186,61.16319003419724,1,0
86.0295080787612,54.77318685244857,96.55141016377014,8.632308575565023,2,85.52000117977175,90.60479014178779,86.12408593531714,24.68522442276271,0,4,3,1,75.26768341189131,0,1,Civil,Female,80.86137254487099,71.73352541990984,8,1
88.72806748482867,61.6722651679738,71.78189798641469,9.959049756746818,2,89.76494451932669,57.304780491213606,84.07845603226919,64.18929102537874,1,0,0,2,83.99858550446882,1,8,Mechanical,Male,73.83285899040662,73.83436801704705,3,1
97.54424681603231,84.66881272907165,61.33042224063027,5.495890497936079,0,46.938399122193175,26.055978184782997,28.35636144801211,67.61837861755212,2,1,4,3,60.14365879571173,1,9,IT,Male,79.1960867597833,42.2422793431351,10,0
69.80564849174847,91.07343046910171,53.52784387184061,7.007471579306442,4,97.24388828592399,51.0260871933545,66.14859049061602,89.75304490244044,3,1,4,3,87.2814166260251,1,3,IT,Female,69.6748612369913,76.04290271808374,11,1
67.8568681180536,89.8505534992156,58.14837944420196,9.000354843495797,2,43.78479931173999,84.28301275700827,57.11853585335099,66.15852899341455,1,3,0,2,99.78095298113533,1,3,IT,Female,70.57157826286155,62.83621922887845,6,1
87.26782211561584,69.06480942168582,74.94914953068886,6.020178173144494,2,96.60008672532825,92.14192228369829,29.496727640728917,47.63846829787566,2,4,0,0,83.28252503129798,0,4,Mechanical,Female,76.87944927346604,66.46930123690778,6,0
66.35856993214486,82.06808655539102,66.17615246870174,7.7754247465114315,2,99.63735057761657,36.27781939980767,98.44545816485788,84.24095052210563,1,4,0,2,74.67399990364389,0,7,Civil,Male,70.99845793374146,79.65039466609693,7,1
94.6763516289711,59.8392461799594,89.78640156236526,8.665356480148374,4,79.8205964022234,25.357888962021722,37.17567099706844,63.22231145499369,2,1,4,0,96.15869943096324,1,9,ECE,Female,82.26923996762525,51.39411695407681,7,0
91.20381208846456,64.07109105252863,70.68260113576669,8.079927251300894,4,98.68006122542754,90.18803625062709,25.37873440724489,26.34242277049534,1,0,1,1,50.79259211159381,0,3,CSE,Female,74.85551139660464,60.14731366344872,3,0
70.59171331400088,93.02411928901375,61.938285084206235,5.940123673077081,0,69.86778456969725,51.152395118310025,67.58779036015277,65.26804482505973,2,0,0,2,86.49617596429106,1,4,ECE,Male,73.86006381458688,63.46900371830495,4,0
86.04181125399188,50.62409232851533,79.62295935699345,6.7769228434286966,3,48.16792482232633,63.34087714140506,79.10933417064261,92.64148363373299,1,5,3,0,94.43732584069065,1,11,Civil,Male,72.84895481754954,70.81490494202674,9,1
86.21805795606475,54.10440948101447,83.9253064105014,8.918958922426986,2,60.589711996593465,97.44526496406071,22.595475683774957,51.70501003985764,2,0,4,1,53.08372918104787,1,3,ECE,Female,75.66686279532433,58.08386567107169,7,1
54.949945704124765,59.97854024700931,58.018011579245595,7.771132570660083,3,71.54926547651502,25.325178233137827,72.69741109816178,43.70606415198401,1,4,2,2,72.50320852078791,0,5,Mechanical,Female,57.68575041703846,53.31947973994966,9,0
93.3225395206192,51.27354578594335,58.04572238183925,5.026148067714564,4,35.11570934189105,71.86544059616764,62.58335007611635,31.477556561441602,3,3,2,3,60.235972697499946,1,11,IT,Male,66.59711454470447,50.26051414390416,11,0
74.25211387749715,58.70890088431027,51.760228492810064,8.804953800140469,4,73.56402852320723,25.928433805989364,28.261200710003873,32.11564175482859,3,1,3,2,78.32590827939151,0,2,Civil,Male,60.59239582566626,39.967326198507266,9,0
89.6699583731716,77.98599492654523,85.34729672315075,5.176556774701195,4,98.68244857336062,50.03751427732003,33.80191015570897,54.62171874734551,0,2,1,4,82.47714793018302,0,7,Civil,Male,84.43570467917536,59.285897938433784,7,0
65.36238084946936,70.2283784284399,81.86261732584664,8.728668913656161,3,43.307535484860935,84.30516361547573,65.43794378528645,67.65438593292237,2,3,0,2,65.13115914643775,1,5,ECE,Male,73.42227471371143,65.17625720463637,7,1
92.98511496781762,92.84824213169479,72.78228203599107,6.012402800826187,4,85.48165814018682,54.67777862045075,43.708609081063074,26.44923241356814,1,2,4,4,72.99908348390504,0,9,Mechanical,Male,84.86291994425017,52.579319563817194,11,0
68.68168057923984,89.23729096344516,90.52018155052147,9.790367400596901,0,93.55291556457335,99.77458831223603,95.06525829210528,95.16548712201326,2,3,0,1,63.96697426382798,0,4,ECE,Female,83.58376408301409,95.88956232273198,6,1
50.52020727105432,66.40723288149805,88.67216734160255,6.839703756510422,4,96.05911149741546,64.72474279572818,85.49921835872406,80.41068939561568,3,0,4,2,68.4695582227557,1,1,ECE,Male,70.54709898240672,81.67344051187085,9,0
93.45833486812465,62.45232480470204,78.0970094910441,6.634658081690396,1,97.2094923083813,45.69297221087628,98.68537652109305,66.92991346269301,2,4,2,1,57.97699783442118,0,9,Civil,Male,78.01200169826565,77.12943862576091,9,1
54.38176048573441,68.22523559202881,91.67702146463641,5.7444402516622235,3,66.50217471050303,37.60890607238025,40.77366711603312,86.27509367511927,1,2,0,1,94.27797217928156,0,9,ECE,Male,73.45290740918352,57.78996039350892,4,0
65.3270546043399,78.33415724071077,59.880378081764874,6.528021077451074,1,98.41155355940526,48.04164274289295,97.57789062383816,26.414940544969063,2,3,3,0,50.50052052795682,1,6,IT,Male,67.05051478622116,67.61150686777636,8,0
95.60297441843863,62.86705475949806,55.372141731090935,9.383253809141003,4,83.01171449941072,49.802661900764065,54.498709583324626,58.14711021864995,1,4,1,1,94.12045932218942,1,1,ECE,Male,69.68986544581739,61.36504905053734,7,1
95.6291430530027,79.95914757675843,62.9479813528155,9.981671688136236,0,41.31700053658733,25.497094217916878,47.801503625100366,70.40745014893307,3,2,3,1,78.58394391748692,0,0,IT,Female,77.85567973005453,46.25576213213441,9,1
77.52501862991772,69.65175930517954,52.74016909228711,6.841547652534242,2,63.3830074527579,49.56593595414185,24.02796215754826,86.29223248946315,3,1,1,2,66.58289220885088,1,6,Civil,Male,65.24910101744402,55.817284513477794,7,0
80.32818618415037,76.49826468089505,75.49613734404954,7.243053154772713,4,80.28318227604028,57.139081579137994,24.221220628768208,82.67756480394141,3,3,0,2,86.15285627301648,1,4,Mechanical,Female,77.24639019713344,61.08026232197197,8,0
71.52538505495934,70.9340733984952,94.95707323015816,8.610354691013686,0,47.31382210733584,77.81902017910437,75.36090047573238,42.16553997707197,0,1,0,3,75.38760759313321,0,0,IT,Male,80.72066682809964,60.66482068481114,4,1
64.0741170415071,64.13435645801205,51.88848995208846,9.430978902325371,3,74.84306284842211,72.53835877772863,56.63431955472223,95.27041356473634,3,0,1,0,74.95543290538032,0,3,Mechanical,Female,59.21793803069113,74.82153868640233,4,1
65.77589817775596,95.52575873418351,55.861275872481286,7.9652216709339205,1,76.66203353326335,76.70125241833233,38.121730082888455,29.947667314469626,2,1,2,1,55.50711414594832,1,11,Mechanical,Female,70.73500742257436,55.35817083723845,6,0
82.28088589169784,86.65307811966852,71.70555335760488,6.957628490889147,1,41.38898206659961,20.669094550148568,69.11762450601861,90.01068948969217,0,1,4,0,69.47580129727044,0,3,IT,Male,79.36241054645185,55.29659765311474,5,0
86.11397741300864,56.725432436789724,94.82600084133944,7.063109204243119,1,69.55597187169295,37.41339196644289,40.228649460008896,97.67521996836949,3,5,3,4,62.053217292836834,1,9,Civil,Male,80.78222329147528,61.21830831662855,15,1
87.99579409884073,91.68646284309982,65.17549303888403,8.478090732484034,3,84.01388376850254,72.93474307198852,66.2105403475538,34.17228185781005,2,3,3,1,50.784795279813984,1,6,CSE,Male,79.97487429813577,64.33286226146373,9,1
87.90167085413859,73.39669751597665,74.34727081704284,5.0160913180213935,0,64.92269651751593,58.719149454379775,48.73669975861523,77.76528513630282,2,0,3,0,68.00498153910567,0,8,Mechanical,Male,78.12841883785171,62.53595771670344,5,0
54.37789294633714,92.93850689091639,51.99549723441882,8.097946687299203,3,30.84721817432752,20.425078053467676,85.88417812894552,23.222841502239877,2,1,0,3,54.49110647128024,0,1,Mechanical,Male,64.99311884494358,40.09482896474515,6,0
73.73217462572391,88.39305228547113,57.120473646180265,6.777465052206787,1,30.63269283555045,84.35957139454578,85.65569286134235,52.433826011132396,1,4,3,3,62.84150188625926,1,11,Civil,Female,71.48575753183061,63.27044577564274,11,1
52.76282048079892,70.41024821452321,97.35824590202465,8.97098665638542,4,54.99205407790085,81.82476586322699,58.188031849792104,61.302663935813925,0,2,4,1,54.62583105915472,1,0,Civil,Male,75.8952189694065,64.07687893168347,7,0
76.37738635153931,51.07852679936563,96.32569742893018,5.46495319911566,2,94.83358479022473,63.87353303948501,48.06552874680125,66.45161807277073,2,1,4,4,55.04708127781994,1,1,ECE,Male,76.76705291684355,68.30606616232043,11,0
71.1934640659221,62.89651325047741,50.23711908485166,7.941011334741953,3,46.007374572252616,25.31706606210177,49.00478372472756,94.87497985988476,1,0,1,3,59.95056472075942,1,6,Civil,Female,60.32184082886052,53.80105105474168,5,0
92.60980077239839,75.99844230372162,95.68696570031547,7.404864449430619,3,74.40545822101811,81.32120396260677,84.45716205345744,73.78005498353558,3,1,0,3,99.99246222432001,0,9,Mechanical,Male,88.85725920296218,78.49096980515448,7,1
66.84392060249978,80.40695455165508,80.67775701514401,8.211627629526138,0,45.54531094853244,66.69708701850911,46.25435862380896,58.50223609753896,2,2,4,4,50.10920714286244,1,5,IT,Female,76.44636535230407,54.24974817209737,12,1
55.61921678852508,62.37860890079371,91.66007813696106,5.324267972414842,0,52.5168992761684,82.55679817263673,36.72474989654768,84.77400290127115,1,0,2,0,81.93363180602026,0,3,CSE,Male,72.06337896158007,64.143112561656,3,0
56.86360073853612,56.68909155549556,71.82751307042524,7.899918937140656,3,89.36294627210387,80.13975939166724,26.775067350024546,96.04262567635271,2,3,0,3,57.06218490132787,0,0,ECE,Female,62.7968129163796,73.0800996725371,8,1
86.55251032243866,90.07665136636635,74.74860937180401,7.807422939797618,1,81.02030095889629,84.24016575662696,57.33544967075267,21.765291894583267,0,0,0,2,96.03140683553879,1,0,IT,Male,82.88819225536311,61.0903020702148,2,0
79.67446703918053,97.2513046737705,73.46463585233217,7.8033004720808545,2,36.67794941192474,61.44064531236999,58.570567913587354,98.6017017804831,0,3,4,3,54.681644666681464,0,4,CSE,Female,82.46358585481818,63.822716104591294,10,1
54.85388845389393,75.23312875052892,82.00948436221302,8.017438332982273,0,60.00914146905035,31.225961455481198,87.27269683223257,26.890571125094425,3,0,2,0,97.75315935631183,0,0,CSE,Female,71.82989890621207,51.349592720464635,5,1
54.03712669351988,58.24060572071857,56.70326022830302,8.382339686131811,1,32.04188345516852,73.6925978703751,37.69909571568512,85.15094234150091,2,2,1,0,80.54631937417389,1,11,CSE,Male,56.36462381559274,57.14612984568241,5,1
83.64651831003776,63.07075167292971,51.43873231388854,9.02494499840385,4,63.66231026221063,69.63790280415765,50.47930189347199,42.426780204113,1,2,4,1,50.06340384577451,0,6,IT,Male,64.59067392044567,56.551573790988314,8,0
53.492624305481286,50.882752474278405,64.78063719637717,6.3491036006410715,0,76.37038081907477,79.38025497592697,84.67245911149527,30.574372620309738,3,0,2,2,94.70035989584031,0,10,ECE,Male,57.22486791247877,67.74936688170169,7,1
89.44928284593709,93.88634271490395,83.82467661135904,9.12524705090031,1,38.29518365187061,33.59048048405882,85.88988885991787,55.18845117710679,2,1,0,0,76.08559006834591,1,0,ECE,Female,88.53055831279593,53.241001043238526,3,1
83.89962690351182,55.652051978726774,59.68896570190152,7.491278411317268,1,50.221945723641596,35.598015992023136,50.768886078301456,71.51652635580908,3,2,2,4,63.13348676652423,1,0,CSE,Female,65.7410899454322,52.026343537443815,11,1
53.90474147081119,77.67279082468417,82.32475679959603,5.385291395671656,2,57.848563785150986,91.23276137754628,56.729921862934475,50.476147601878,1,3,0,2,88.3639588757815,1,1,IT,Female,72.40316240848702,64.07184865687744,6,0
54.07221027608921,63.15465059298589,96.55577821314898,5.292754646219896,2,94.36717172592348,79.99822387616567,44.262871267942636,24.365232662615917,3,3,4,2,96.33327769434351,1,10,CSE,Male,73.79036954598213,60.74837488316193,12,1
97.35869976805643,76.60054412075809,54.50723435789208,6.671191593480303,4,99.52785107960749,92.65827909602584,94.60439027354496,67.95689117269733,3,4,4,4,74.1845411573397,1,11,Civil,Male,73.99066690980118,88.68685290546891,15,1
67.96499819629378,81.26817864088949,82.28490167480606,8.924484885557337,1,33.14379092969311,80.69722569311367,29.491501259326427,92.19226208885398,3,5,3,3,65.77767372215554,1,9,ECE,Female,77.6839137210774,58.8811949927468,14,1
67.79082305921077,89.82760657794569,71.30001052661942,8.538404673704578,1,83.27055464467745,67.77242447922416,94.6999538401176,50.65722927578014,2,5,3,4,89.44725619674634,1,2,Mechanical,Male,75.80553310179471,74.10004055994983,14,1
89.01437922836013,59.908221044508956,91.67082821012025,8.943074823362032,2,56.02068464816402,72.33061896222989,74.70931614682746,37.30662221046616,1,5,3,4,84.08927488942274,0,10,CSE,Female,81.34511136590882,60.09181049192189,13,1
95.46793171442522,50.527799775607065,58.50318989347453,7.586345282208047,0,57.472073036063605,91.13023391520079,62.5257722149385,55.40618767462523,0,3,4,3,94.43762418751362,0,0,Civil,Male,67.1999954043995,66.63356671020703,10,1
97.32805106349781,56.57051024330275,83.2460457068559,7.200994989777453,0,82.7985481342916,66.30454036095524,22.61272486275967,23.869016883902468,2,4,1,3,84.62570063805964,1,8,ECE,Male,79.46798667478252,48.896207560477244,10,1
86.16215289242919,93.20089480870905,90.22953390310929,5.73726263353142,3,94.2898502501786,70.59130594627099,58.047695345760665,85.63900675842198,0,5,4,3,62.176416944976815,0,9,IT,Female,89.90072787158519,77.14196457515806,12,1
68.06046010548395,91.94672372300073,95.34148253475311,6.640963768046557,2,96.56500161517839,32.518137280288045,52.61984840021859,86.10726487601494,0,5,2,3,96.58296248795095,0,7,ECE,Male,86.13874816244665,66.952563042925,10,1
54.0080344015361,78.67582890417481,82.795905357903,7.170096830869376,3,70.39858102268246,57.91369760928822,32.897504958009804,67.04003707437028,2,0,4,3,55.24178736029957,1,4,IT,Male,72.92352113487448,57.06245516608769,9,0
87.30305196451697,78.82480930081536,73.86438867240452,5.443002148398087,2,54.99848115103519,77.31176895664791,72.51276828005255,48.24823111507116,2,0,4,4,63.39713750534239,0,10,IT,Male,79.3841138485615,63.2678123757017,10,0
76.80340398731865,81.92176037822026,79.65666752965826,6.103059763556056,4,85.12843601011454,41.67541586530923,97.69207258946287,83.98266915566268,1,0,0,1,76.00973038619428,1,1,CSE,Male,79.48021632152498,77.11964840513733,2,0
70.36265644385486,58.41782137392558,91.70743925497848,7.991126470318694,1,47.57009682836102,36.18033444196279,64.97510488516201,64.37496198306937,1,1,0,1,78.28710130354507,0,4,CSE,Male,75.31711904732552,53.2751245346388,3,0
93.50501048454733,93.89177340439807,77.38926783866383,8.678315571195949,4,69.48518201834625,45.106144657953244,77.18026211551566,86.0745846840013,3,5,0,0,50.76552933134527,1,5,ECE,Female,87.17474230214916,69.46154336895411,8,1
55.337479150695266,70.10098519481951,51.45857886544817,9.991737556964749,2,55.10049230674112,39.32005023942668,25.476036205281343,70.51670340664165,0,1,4,1,89.02863629104701,0,0,Civil,Male,58.214970849833705,47.6033205395227,6,1
73.64600500596124,68.39064935597588,94.68553738433494,9.66556665671779,1,75.96417515955133,37.19301096291167,53.41335966535958,82.75243785702378,1,4,1,1,68.08036592126948,0,10,ECE,Female,80.48521126231512,62.330745911211594,7,1
50.54497494883611,74.9080498535762,83.09728404951494,8.212825997675957,0,46.82792390254548,53.98806742944696,29.30867881315967,67.88503945742079,3,3,2,4,70.32092705010689,0,3,Mechanical,Male,70.87482106052967,49.50242740064322,12,1
72.49571081571807,52.254366405202646,82.47264251730783,7.10624026647036,0,43.4115062014378,92.62708111068272,69.02366684292083,53.1312854572533,1,5,2,3,90.46847722184728,1,8,IT,Male,70.41408017319935,64.54838490307365,11,1
52.702557232728196,57.98160170029181,60.352407315090424,8.180886823541163,3,94.2767360672806,60.564771739097466,95.07857265713237,96.635668794091,2,3,1,3,68.96416958637722,0,1,IT,Female,57.346210605942176,86.63893731440035,9,1
55.70325998086745,85.42561358846578,81.62650257116755,8.92825809040116,2,37.126257806467585,35.03363046522584,72.94221859773108,63.289105990307576,1,0,1,4,52.36124382473774,0,4,CSE,Female,74.98926309926699,52.09780321493302,6,0
55.641259845301036,53.974336060406074,68.90549147139961,5.591680954616937,2,65.41705354144521,26.157733550469928,26.144243865153722,68.40716148324307,0,5,2,1,58.82198852351752,1,0,Civil,Male,60.446875360271974,46.531548110077985,8,0
81.16209450157105,78.95130125438664,81.25918289799162,7.049524448481441,0,45.45969480741063,75.69249161103401,48.37329639880663,37.639011153179936,1,2,3,4,97.79515861940911,1,3,CSE,Male,80.53769188598395,51.791123492607795,10,1
85.81015420474031,61.776757264703406,55.11646545478355,9.199011428178085,4,32.72509743279672,50.623901154911024,64.05307035526812,70.05206315418212,0,1,0,0,53.520268120125706,0,3,Mechanical,Female,66.32265962274654,54.363533024289495,1,0
78.00170072466366,68.68618947401487,81.57657462094573,6.91916475966522,1,32.52131728039985,85.74647572682875,52.256620490660175,65.72861195863551,2,1,0,3,67.74656004840081,0,5,ECE,Female,76.63699690798185,59.063256364131064,6,0
96.184282326778,63.857299364993594,97.971858836992,7.859361356135933,4,42.265524047407915,72.76086149126161,86.69152083801379,34.78707183576199,0,5,2,2,75.15895835256723,0,9,ECE,Female,87.20121804232828,59.12624455311133,9,0
67.99378781713779,67.07229039031756,52.31417786530669,7.938846804310991,4,90.67392481542001,83.69931604330948,85.17368037679914,24.7669677882515,1,0,1,0,74.664041366928,0,8,Civil,Female,61.44549460835928,71.07847225594504,2,0
63.71418014152931,84.51420344884379,96.90436084262323,5.9223812656681964,0,49.77351207839187,41.7556831534759,68.94648160825771,68.34874557718169,3,1,3,0,50.19799715060714,1,2,CSE,Male,83.23025941416122,57.20610560432679,7,0
91.69275815309409,64.2618423499124,69.53158211469778,6.811177208261442,0,96.5321419402707,75.38871379688464,49.87663561061642,81.09538154802564,2,0,2,4,75.05813657287452,0,8,CSE,Male,74.59901299678106,75.72321822394935,8,1
60.73260024893373,77.18742273425107,91.79616561618843,6.672556443709661,0,70.71356050924355,41.124958775497504,40.42690990105953,61.87210967376066,1,4,0,1,69.18862289887046,0,5,Mechanical,Male,78.09447314143081,53.534384714890315,6,0
96.23468189314934,72.85041930555678,87.55450323479712,5.130983542660324,3,60.562993283813626,95.12547835602332,28.469945457050343,38.14181002557166,2,3,4,3,98.60396677372785,1,6,ECE,Male,85.7473316535307,55.575056780614744,12,0
50.58341478511119,81.85621593740711,77.21678052736006,5.120958819456776,4,70.60621842686183,70.90994252266995,48.39181467892432,73.32175813544279,2,2,1,2,57.95795419969149,0,11,CSE,Male,70.61860142769952,65.80743344097472,7,0
96.55418368196668,94.96782748758838,85.44556204406368,9.158485218378868,2,66.16888696583874,45.96094401402737,53.053801376617564,26.40845812876818,1,3,4,0,67.70770983797475,0,9,Civil,Female,91.63482816849199,47.89802262131297,8,1
52.07167577362765,85.16346066609202,92.16874694246471,6.365354049864062,1,83.11433776301277,41.56094898338181,74.06583400832588,55.34669638415637,1,3,2,2,70.97407425449099,0,1,ECE,Female,78.03803970890178,63.52195428471921,8,0
92.7748694575074,60.31713817235632,69.39873543924958,7.590393831194078,3,49.774724618099654,35.274126805731484,72.65278594380588,33.06934067187362,3,4,0,1,69.53467685504744,1,10,Mechanical,Female,73.68709646465895,47.69274450987766,8,0
75.32965323614239,51.49679048294166,65.69759175503546,6.493627867943865,2,54.713527412021165,75.57127671149823,25.608651171300558,34.75672408479067,2,1,3,1,83.29154138259312,1,9,Civil,Male,64.3269698177394,47.662544844902655,7,0
97.66231021372641,62.5886741263916,82.04448250705207,9.703396225576704,4,92.58660117732755,37.49724903983419,51.620745234492624,36.18351593265629,2,2,4,2,60.77564287738844,0,5,IT,Female,80.89308830485624,54.472027846077665,10,1
53.54223510729915,78.56374067361223,88.7766052131804,6.296483794328869,0,96.25195592052839,67.62426127419913,34.54230937738895,50.93656456351823,1,1,3,3,61.053577640699594,0,5,Mechanical,Male,75.14243481954557,62.33877278390868,8,1
76.5850056512634,52.46843904724402,86.58968646927755,7.148284063694676,4,92.4790759240532,41.170802154028586,32.54501642534446,24.09201644963181,0,5,0,1,86.46054742504265,1,1,Civil,Male,73.35190799726325,47.57172773826452,6,0
96.52652170971675,73.82557986565934,88.29505514521446,9.36365125242301,1,59.36135957701195,72.95751558350949,86.18417197897968,51.823475274327855,1,3,4,2,75.01452593390898,0,1,CSE,Male,86.4236525306986,67.58163060345724,10,1
75.10869652016714,78.64845674801069,70.90799911102079,9.209667833959044,3,84.62558521048172,85.19517828324314,23.353217337300602,60.936595769176066,2,5,3,0,70.75778380286552,0,1,IT,Female,74.49034562486166,63.52764415005038,10,1
80.21113463049261,66.04370675921412,89.25604237640104,5.930507089231386,3,63.343501331076915,82.24201945157225,53.534630072169705,58.663542797306015,1,0,3,2,58.460152583862595,1,9,Mechanical,Male,79.57886936747244,64.44592341303122,6,0
83.39593707126163,87.00378577979944,55.7700346577892,9.013216548978551,1,64.82778965022715,80.86810647446254,33.45629246132145,50.622728032243245,3,3,4,2,59.37636114560833,1,11,CSE,Male,73.427930718434,57.4437291545636,12,1
71.81797110885311,55.11671615042105,76.13547670212077,7.290934433689463,2,44.32760763400988,35.01779245538017,90.34641725427792,87.1317286456602,0,1,0,4,50.52758184079503,1,0,IT,Female,68.53459685863056,64.20588649733205,5,0
80.12278784403505,53.60661352331882,50.276415703909834,7.414844360426776,2,71.37912122809615,27.0707957587615,64.56324106200282,31.62613539364033,1,3,3,1,54.57131344308546,0,4,ECE,Male,60.22938669177009,48.659823360625204,8,0
78.04708697230882,84.95306029777296,65.58011983521297,5.667399862079719,3,43.029512842734356,75.91590627899085,38.51045091014784,60.455739502509914,3,0,2,3,77.84193473451205,0,7,CSE,Female,75.13209211510971,54.47790238359573,8,0
93.25558450356746,73.78358317789753,67.5901536738271,5.403007568785624,3,53.20952893470356,49.4677771035481,60.19418297331011,24.963313356524345,2,4,4,3,94.5936565004205,0,1,Civil,Male,77.14781177397035,46.95870059202153,13,0
52.181426256389976,83.04331502853134,69.01628919724426,8.639696534868825,0,89.85211411339546,54.58769811226779,78.51890877624926,25.69245431023278,1,5,1,4,64.35823825652787,0,4,Mechanical,Female,68.1739380643741,62.16279382803633,11,1
63.48623310042706,70.87171225297982,83.38242592111338,7.482305761776499,2,44.495306644759864,22.491927423471285,96.6494407135547,65.9092679741677,2,5,1,3,66.38736129480641,1,11,IT,Male,73.66035397446741,57.38648568898839,11,1
95.61975123567481,61.82729759547713,68.6507888609766,7.184253513075898,1,34.9810799621403,40.766115942003935,37.63568033963352,65.28147399102568,3,1,0,2,55.78028053057561,0,7,CSE,Male,74.69443019373622,44.66608755870086,6,0
92.73266162676398,89.31691124836158,71.53729388588147,8.647541143261984,2,34.83053148289714,22.69411230995712,90.89454177034762,90.24268102755656,2,3,2,4,69.43154728035513,0,9,ECE,Female,83.22978941689026,59.66546664768961,11,1
71.87152413371422,88.371962190511,61.40211828196772,8.82756449495555,0,95.85491643521755,90.33486180809982,94.74432913339922,64.62989405280585,3,1,3,0,51.86108522846646,1,4,Mechanical,Male,72.63389321005465,86.39100035738062,7,1
79.76636469447376,83.34543060101248,67.91608599820833,5.794540838346768,3,65.48443065732843,39.471734657482436,93.3136435625653,96.78328163238801,3,4,1,1,95.88003481309501,1,1,Mechanical,Female,76.0999729879292,73.76327262744105,9,0
63.31429678309437,63.06296658703821,60.90894210863127,8.051125747388205,3,58.65884502719128,64.58697356584065,70.83314854895278,23.89558787199438,3,3,0,1,83.65556740622642,0,2,CSE,Male,62.27675585449228,54.49363875349478,7,0
59.02981566674055,78.33107200971618,53.513404340885295,5.676770411388428,0,86.76150067055428,23.118345652890433,70.38565235477662,27.840614782459284,1,3,2,1,99.53744046966094,1,5,ECE,Female,62.61362803929114,52.02652836517016,7,0
72.25752343711915,67.3267470531213,78.96553248230614,8.756875430145229,1,88.50781495373613,73.34779130445264,52.25685065470582,23.525268925630513,2,1,2,2,94.14115813392468,1,10,IT,Male,73.46149413999458,59.40943145963128,7,1
66.96090694525054,54.395939519678436,82.07421433064079,8.284775781335698,3,53.25337231809232,45.84218766032751,80.19183058430303,34.8221480266832,2,1,0,0,73.64952968490763,0,10,CSE,Male,69.23673967173501,53.52738464735152,3,0
78.01549336884186,94.03105162218765,79.7355366084615,9.78307310541729,4,78.55326402316567,91.83353495661326,62.50352146807455,63.301608875334246,0,0,0,4,75.98425155751885,0,4,IT,Male,83.50817814069345,74.04798233079693,4,1
53.731262574319274,56.56729428411015,72.24771410242747,5.344790081782106,3,83.97859710963206,91.04945511472286,74.19504569826356,71.64577451419424,0,4,3,4,59.528802325859694,0,10,Mechanical,Female,61.98865269849981,80.21721810920317,11,0
96.77095076797599,95.61139298339852,68.22971744860303,5.285273605756272,4,75.82554808061681,46.023249468939824,54.27663230790364,23.646812635893504,0,0,0,1,73.10196714197778,0,3,IT,Female,85.00659010485357,49.94306062333845,1,0
97.33811573502093,71.40827710198187,91.44001517944761,6.410935373466001,0,40.61165523600695,92.07687165523743,78.51971712345113,95.67767118764795,0,5,3,0,95.15139367464059,1,3,ECE,Female,87.19992392287989,76.72147880058586,8,1
